accession	title	category
PRJEB36447	Microbial community of the geothermal soils of Pantelleria	hydrothermal
PRJEB47746	SPIRE v01 TPA metagenomic analyses (assembly & MAGs) of project spire_study_578	ice
PRJNA1085405	Viral contigs assembled from mine tailings metagenomes	soil
PRJNA633424	Desert soil metagenome	soil
PRJEB22775	Metagenomics investigation of agarlytic genes and genomes in mangrove sediments	wetland
PRJNA693684	Impact of sulfamethoxazole on the microbial community of a riverine environment	freshwater
PRJNA923741	Deep metagenomic sequencing of soil microbiomes	soil
PRJNA781406	TPA metagenomic assembly of the PRJNA781406 data set	ice
PRJNA966095	R. solani suppressive soil metagenomics	soil
PRJEB7840	Metagenomic sequence data from SE Queensland river estuaries	brackish
PRJEB15294	Soil samples collected for whole-genome shotgun sequencing	soil
PRJNA492298	Surface soil microbial communities from active vent of coal mine fire in Centralia Pennsylvania	soil
PRJNA493162	Metagenome of Tretyakovsky Hot Spring	hydrothermal
PRJNA997821	Metagenomic analysis of environmental samples from dairy facilities	host-associated
PRJNA479576	Hot spring metagenome sequencing	hydrothermal
PRJNA774492	Ocular Surface Microbiome of Keratitis Patients	host-associated
PRJNA784757	The Diagnosis Performance of Mycobacterium Tuberculosis Complex by mNGS on BAL Fluid and Lung Biopsy	host-associated
PRJNA507269	Shotgun metagenomic sequencing of subjects with Atopic dermatitis and Food Allergy	host-associated
