accession	title	category
PRJEB7840	"Metagenomic sequence data was obtained for multiple sites on three SE Queensland river estuaries (Logan, Maroochydoore and Noosa). The study is looking at the ecological communities in each of these systems, and how they are impacted by pollution and environmental conditions."	brackish
PRJNA693684	Impact of sulfamethoxazole on the microbial community of a riverine environment	freshwater
PRJNA730932	Wastewater surveillance of pathogens	freshwater
PRJEB52550	Metagenome sequencing of samples suspected of featuring cable bacteria genomic DNA with short (Illumina NovaSeq) and long read (Nanopore R9.4.1) sequencing platforms.	freshwater
PRJNA681370	Antibiotic resistome analysis of aquaculture wasterwater treatment system	freshwater
PRJNA640737	Microbial Community of Tannery Waste Metagenome	freshwater
PRJNA873262	"Metagenomic data from water, sediments, and bank soils in the Yangtze River mainstream"	freshwater
PRJNA852874	antibiotic resistance genes in aquaculture ponds	freshwater
PRJNA1037140	Lake Vechten Metagenomes	freshwater
PRJNA993188	Water surrounding water pipes	freshwater
PRJEB66261	Transmission of antimicrobial resistance in the gut microbiome of sub-social cockroaches: the importance of interaction between antibiotic exposed and non-exposed populations	host-associated
PRJNA522027	Taisui metagenomic sequencing	host-associated
PRJNA841806	Characterization of microbiome and resistome from poultry farm and abattoir	host-associated
PRJNA1111147	Resistome in raccoon dog (Nyctereutes procyonoides) feces is patterned seasonally rather than geographically in Korea	host-associated
PRJNA479576	Hot spring metagenome sequencing	hydrothermal
PRJEB45419	Metagenomics of Diamante Hot Spring	hydrothermal
PRJNA752523	Thermophilic microbial mats	hydrothermal
PRJNA493162	Metagenome of Tretyakovsky Hot Spring	hydrothermal
PRJEB26614	Pelagic sediment metagenome of Gulf of Khambhat	marine
PRJNA1131609	Metagenomic assessment of rhizosphere microbial communities associated with cultivated and wild sweet sorghum	plant
PRJNA1097007	Metagenomic_ginseng Raw sequence reads	plant
PRJNA1110046	"Metagenomics investigation of wheat rhizosphere in the North West and Gauteng Provinces, South Africa,"	plant
PRJNA995622	metagenome-seq of Nicotiana tabacum	plant
PRJNA901887	Metagenome of non-GMO soybean rhizosphere soil	plant
PRJEB42789	Herbal rhizosphere metagenomics	plant
PRJNA1172944	crown gall disease	plant
PRJNA1185009	Vitis vinifera grapevine associated microbiome Raw sequence reads	plant
PRJNA728956	metagenomic data from Agropyron cristatum root soil	plant
PRJNA901126	Metagenome of genetically modified soybean rhizosphere soil	plant
PRJNA828360	Rhizosphere microbiota amplicom sequencing on sunflower roots parasitzed by Orobanche cumana Genome sequencing and assembly	plant
PRJNA673792	Metagenome assembly of PRJNA673792 data set (methagenome of maize Rhizosphere in South Africa)	plant
PRJNA923741	Deep metagenomic sequencing of soil microbiomes	soil
PRJNA633424	Desert soil metagenome	soil
PRJEB15294	Soil samples collected for whole-genome shotgun sequencing.	soil
PRJNA492298	Surface soil microbial communities from active vent of coal mine fire in Centralia Pennsylvania	soil
PRJNA1085405	Viral contigs assembled from mine tailings metagenomes	soil
PRJNA966095	R. solani suppressive soil metagenomics	soil
PRJNA448190	Land use study AAFC	soil
PRJNA788656	Bacterial community structure in the soil plastisphere	soil
PRJEB52753	EMG produced TPA metagenomics assembly of PRJEB52753 data set (European grassland soils subjected to multiple disturbances).	soil
PRJNA1153729	Metagenomics of dairy farm environmental samples	soil
PRJNA882739	Striga hermonthica infested soil microbiome	soil
PRJNA678871	"Dissecting microbial communities and resistomes for interconnected humans, soil, and livestock."	soil
PRJEB66294	Land use transition effects on soil microbiomes	soil
PRJNA689669	soil samples from degraded grassland and mango cultivation (Raw sequence reads)	soil
PRJEB50284	Comparision of different commercial library preparations kits for soil metagenomics studies	soil
PRJEB13455	Diversity and rehabilitation of prokaryotic communities of European biological soil crusts	soil
PRJNA504043	Alteration of the soil microbiome according to the earthworm invasion in a northern hardwood forest of Minnesota	soil
PRJNA1000096	Soil Metagenome Metagenome	soil
PRJNA810773	"Metagenome assembly of PRJNA810773 data set (Relationship between plant domestication, soil management and microbiome)"	soil
PRJNA742150	Soil Metagenomic assembly	soil
PRJNA702906	Angkor Wat & Angkor Thom	soil
PRJNA924045	plastic contaminated soil whole metagenome	soil
PRJNA506850	USDA Developing Computational Tools To Identify Critical Control Points For Mitigating The Spread Of Antibiotic Resistance In Agro-Ecosystems	soil
PRJNA592367	Characterisation of microbial community composition and function in Namib Desert soils	soil
PRJNA1084095	soil metagenome	soil
PRJNA683608	Metagenomic analysis on soil microbial DNA by forest-to-farm land use change in Zambia	soil
PRJEB13142	Desert varnish metagenome	soil
PRJNA876377	Soil microbiome of grassland bulk soil Metagenome	soil
PRJNA1142711	Soil treated with carbendazim and nanometer zinc oxide by metagenome	soil
PRJEB18675	'A Clear-cut Timepoint' - a Multi-omic Survey of Soil Microbial Communities Decades After Timber Harvesting - Seasonal Samples	soil
PRJNA830999	argriculture soil	soil
PRJNA837705	"Characterization of arsenic-metabolizing bacteria in high arsenic-contaminated soil from Hetao Plain, Inner Mongolia"	soil
PRJNA892918	the soil metagenomic of tea plant and legume intercropping	soil
PRJNA713532	Soil metagenomics associated with microplastics	soil
PRJEB9761	13C-cellulose stable isotope probing was applied to Californian forest soil from both organic and mineral soils.	soil
PRJNA933895	Soil metagenome for different land use systems	soil
PRJNA1097767	Metagenomic raw data Raw sequence reads	soil
PRJNA1121900	"Vellozia microbial communities from Campos Rupestres, Serra da Canastra National Park, Brazil"	soil
PRJEB35194	Effects of long-term mineral fertilization on soil microbial functional community	soil
PRJNA612669	Study of metagenome on Culture Heritage	soil
PRJNA480881	A metagenomic survey of soil microbial communities along a revegetation chronosequence after iron ore mining	soil
PRJEB22775	Metagenomics investigation of agarlytic genes and genomes in mangrove sediments	wetland
PRJNA1101192	Carbon slow-release and enhanced nitrogen removal performance of plant residue-based composite filler and ecological mechanisms in constructed wetland application	wetland
PRJNA974918	Microbial community in wetland sediment that bioaugamentation with sulfonamide-degrading bacteria	wetland
PRJEB47746	SPIRE v01 TPA metagenomic analyses (assembly & MAGs) of project spire_study_578	soil
PRJNA781406	TPA metagenomic assembly of the PRJNA781406 data set	ice
PRJNA916612	metagenome Raw sequence reads	soil
PRJNA807392	metagenome	soil
PRJNA656796	SPIRE v01 TPA metagenomic analyses (assembly & MAGs) of project spire_study_2	plant
PRJEB12502	SPIRE v01 TPA metagenomic analyses (assembly & MAGs) of project spire_study_701	soil
PRJNA684454	TPA metagenomic assembly of the PRJNA684454 data set	host-associated
PRJEB20068	SPIRE v01 TPA metagenomic analyses (assembly & MAGs) of project spire_study_482	soil
PRJNA724996	TPA metagenomic assembly of the PRJNA724996 data set	marine
PRJNA813429	TPA metagenomic assembly of the PRJNA813429 data set	ice
PRJNA680161	SPIRE v01 TPA metagenomic analyses (assembly & MAGs) of project spire_study_391	ice
PRJEB27666	SPIRE v01 TPA metagenomic analyses (assembly & MAGs) of project spire_study_89	soil
PRJEB23349	SPIRE v01 TPA metagenomic analyses (assembly & MAGs) of project spire_study_326	soil
