acc,assay_type,bioproject,biosample_link,cANI,collection_date_sam,containment,geo_loc_name_country_calc,lat,long,organism,filename,Site,MAG,Site.binned.from,Site.presence.category..Number.and.names.of.sites,Number.of.sites.present.at,Domain,Phylum,Class,Order,Family,Genus,Species,Completeness....,Contamination....,Strain.heterogeneity....,N50.of.contigs..bp.,Mean.contig.length..bp.,Contigs.per.MAG,Median.abundance,Stdev.of.abundance,GC....,Coding.density....,Genome.size..Mbp.,Predicted.OGT....,Predicted.maximal.growth.rate..d.,tax_mag
ERR6412194,WGS,PRJEB46766,https://www.ncbi.nlm.nih.gov/biosample/SAMEA9456870,0.98,13/12/2016,0.64,uncalculated,NA,NA,freshwater metagenome,tr_bin12,Erebus - TR,Erebus-TR_bin.12.permissive_final,Erebus-TR,Active only: 2-Erebus-TR..Rittmann,2,Bacteria,Deinococcota,Deinococci,Deinococcales,Thermaceae,Thermus_A,,91.67,0.42,0,27883,13179.34,129,0.000226,0.00396,0.652,0.935,1.856,66.95,5.84,Deinococcota_Deinococci_tr_bin12
SRR14760936,WGS,PRJNA732601,https://www.ncbi.nlm.nih.gov/biosample/SAMN19602603,0.98,13/12/2016,0.63,uncalculated,-49.62579,68.79895,hot springs metagenome,tr_bin12,Erebus - TR,Erebus-TR_bin.12.permissive_final,Erebus-TR,Active only: 2-Erebus-TR..Rittmann,2,Bacteria,Deinococcota,Deinococci,Deinococcales,Thermaceae,Thermus_A,,91.67,0.42,0,27883,13179.34,129,0.000226,0.00396,0.652,0.935,1.856,66.95,5.84,Deinococcota_Deinococci_tr_bin12
ERR6412195,WGS,PRJEB46766,https://www.ncbi.nlm.nih.gov/biosample/SAMEA9456871,0.98,13/12/2016,0.63,uncalculated,NA,NA,freshwater metagenome,tr_bin12,Erebus - TR,Erebus-TR_bin.12.permissive_final,Erebus-TR,Active only: 2-Erebus-TR..Rittmann,2,Bacteria,Deinococcota,Deinococci,Deinococcales,Thermaceae,Thermus_A,,91.67,0.42,0,27883,13179.34,129,0.000226,0.00396,0.652,0.935,1.856,66.95,5.84,Deinococcota_Deinococci_tr_bin12
SRR14681580,WGS,PRJNA732601,https://www.ncbi.nlm.nih.gov/biosample/SAMN19405191,0.98,13/12/2016,0.63,uncalculated,-49.62535,68.79869,hot springs metagenome,tr_bin12,Erebus - TR,Erebus-TR_bin.12.permissive_final,Erebus-TR,Active only: 2-Erebus-TR..Rittmann,2,Bacteria,Deinococcota,Deinococci,Deinococcales,Thermaceae,Thermus_A,,91.67,0.42,0,27883,13179.34,129,0.000226,0.00396,0.652,0.935,1.856,66.95,5.84,Deinococcota_Deinococci_tr_bin12
SRR14699520,WGS,PRJNA732601,https://www.ncbi.nlm.nih.gov/biosample/SAMN19461014,0.98,13/12/2016,0.64,uncalculated,-49.62566,68.79865,hot springs metagenome,tr_bin12,Erebus - TR,Erebus-TR_bin.12.permissive_final,Erebus-TR,Active only: 2-Erebus-TR..Rittmann,2,Bacteria,Deinococcota,Deinococci,Deinococcales,Thermaceae,Thermus_A,,91.67,0.42,0,27883,13179.34,129,0.000226,0.00396,0.652,0.935,1.856,66.95,5.84,Deinococcota_Deinococci_tr_bin12
ERR6412193,WGS,PRJEB46766,https://www.ncbi.nlm.nih.gov/biosample/SAMEA9456869,0.98,13/12/2016,0.63,uncalculated,NA,NA,freshwater metagenome,tr_bin12,Erebus - TR,Erebus-TR_bin.12.permissive_final,Erebus-TR,Active only: 2-Erebus-TR..Rittmann,2,Bacteria,Deinococcota,Deinococci,Deinococcales,Thermaceae,Thermus_A,,91.67,0.42,0,27883,13179.34,129,0.000226,0.00396,0.652,0.935,1.856,66.95,5.84,Deinococcota_Deinococci_tr_bin12
ERR6412196,WGS,PRJEB46766,https://www.ncbi.nlm.nih.gov/biosample/SAMEA9456872,0.97,14/12/2016,0.55,uncalculated,NA,NA,freshwater metagenome,tr_bin12,Erebus - TR,Erebus-TR_bin.12.permissive_final,Erebus-TR,Active only: 2-Erebus-TR..Rittmann,2,Bacteria,Deinococcota,Deinococci,Deinococcales,Thermaceae,Thermus_A,,91.67,0.42,0,27883,13179.34,129,0.000226,0.00396,0.652,0.935,1.856,66.95,5.84,Deinococcota_Deinococci_tr_bin12
SRR14762249,WGS,PRJNA732601,https://www.ncbi.nlm.nih.gov/biosample/SAMN19603101,0.97,14/12/2016,0.55,uncalculated,-49.63508,68.78616,hot springs metagenome,tr_bin12,Erebus - TR,Erebus-TR_bin.12.permissive_final,Erebus-TR,Active only: 2-Erebus-TR..Rittmann,2,Bacteria,Deinococcota,Deinococci,Deinococcales,Thermaceae,Thermus_A,,91.67,0.42,0,27883,13179.34,129,0.000226,0.00396,0.652,0.935,1.856,66.95,5.84,Deinococcota_Deinococci_tr_bin12
SRR21721634,WGS,PRJNA879927,https://www.ncbi.nlm.nih.gov/biosample/SAMN30815993,0.98,NP,0.6,China,39.9075,116.3972,soil metagenome,tr_bin4,Erebus - TR,Erebus-TR_bin.4.strict_final,Erebus-TR,Active only: 2-Erebus-TR..Rittmann,2,Bacteria,Deinococcota,Deinococci,Deinococcales,Thermaceae,Calidithermus,Calidithermus chliarophilus,84.33,0.43,0,10935,6224.42,456,0.000137,0.0119,0.686,0.853,3.372,50.17,2.68,Deinococcota_Deinococci_tr_bin4
SRR21721635,WGS,PRJNA879927,https://www.ncbi.nlm.nih.gov/biosample/SAMN30815992,0.98,NP,0.6,China,39.9075,116.3972,soil metagenome,tr_bin4,Erebus - TR,Erebus-TR_bin.4.strict_final,Erebus-TR,Active only: 2-Erebus-TR..Rittmann,2,Bacteria,Deinococcota,Deinococci,Deinococcales,Thermaceae,Calidithermus,Calidithermus chliarophilus,84.33,0.43,0,10935,6224.42,456,0.000137,0.0119,0.686,0.853,3.372,50.17,2.68,Deinococcota_Deinococci_tr_bin4
SRR21721637,WGS,PRJNA879927,https://www.ncbi.nlm.nih.gov/biosample/SAMN30815990,0.98,NP,0.62,China,39.9075,116.3972,soil metagenome,tr_bin4,Erebus - TR,Erebus-TR_bin.4.strict_final,Erebus-TR,Active only: 2-Erebus-TR..Rittmann,2,Bacteria,Deinococcota,Deinococci,Deinococcales,Thermaceae,Calidithermus,Calidithermus chliarophilus,84.33,0.43,0,10935,6224.42,456,0.000137,0.0119,0.686,0.853,3.372,50.17,2.68,Deinococcota_Deinococci_tr_bin4
SRR21721636,WGS,PRJNA879927,https://www.ncbi.nlm.nih.gov/biosample/SAMN30815991,0.98,NP,0.6,China,39.9075,116.3972,soil metagenome,tr_bin4,Erebus - TR,Erebus-TR_bin.4.strict_final,Erebus-TR,Active only: 2-Erebus-TR..Rittmann,2,Bacteria,Deinococcota,Deinococci,Deinococcales,Thermaceae,Calidithermus,Calidithermus chliarophilus,84.33,0.43,0,10935,6224.42,456,0.000137,0.0119,0.686,0.853,3.372,50.17,2.68,Deinococcota_Deinococci_tr_bin4
SRR21721642,WGS,PRJNA879927,https://www.ncbi.nlm.nih.gov/biosample/SAMN30815995,0.97,NP,0.57,China,39.9075,116.3972,soil metagenome,tr_bin4,Erebus - TR,Erebus-TR_bin.4.strict_final,Erebus-TR,Active only: 2-Erebus-TR..Rittmann,2,Bacteria,Deinococcota,Deinococci,Deinococcales,Thermaceae,Calidithermus,Calidithermus chliarophilus,84.33,0.43,0,10935,6224.42,456,0.000137,0.0119,0.686,0.853,3.372,50.17,2.68,Deinococcota_Deinococci_tr_bin4
SRR21721643,WGS,PRJNA879927,https://www.ncbi.nlm.nih.gov/biosample/SAMN30815994,0.97,NP,0.56,China,39.9075,116.3972,soil metagenome,tr_bin4,Erebus - TR,Erebus-TR_bin.4.strict_final,Erebus-TR,Active only: 2-Erebus-TR..Rittmann,2,Bacteria,Deinococcota,Deinococci,Deinococcales,Thermaceae,Calidithermus,Calidithermus chliarophilus,84.33,0.43,0,10935,6224.42,456,0.000137,0.0119,0.686,0.853,3.372,50.17,2.68,Deinococcota_Deinococci_tr_bin4
SRR18749964,OTHER,PRJNA826697,https://www.ncbi.nlm.nih.gov/biosample/SAMN27578163,0.97,26/11/2020,0.56,China,39.76,116.16,drinking water metagenome,tr_bin4,Erebus - TR,Erebus-TR_bin.4.strict_final,Erebus-TR,Active only: 2-Erebus-TR..Rittmann,2,Bacteria,Deinococcota,Deinococci,Deinococcales,Thermaceae,Calidithermus,Calidithermus chliarophilus,84.33,0.43,0,10935,6224.42,456,0.000137,0.0119,0.686,0.853,3.372,50.17,2.68,Deinococcota_Deinococci_tr_bin4
SRR13164372,WGS,PRJNA681409,https://www.ncbi.nlm.nih.gov/biosample/SAMN16953217,0.97,6/03/2012,0.53,South Africa,-26.417,27.427,subsurface metagenome,tr_bin4,Erebus - TR,Erebus-TR_bin.4.strict_final,Erebus-TR,Active only: 2-Erebus-TR..Rittmann,2,Bacteria,Deinococcota,Deinococci,Deinococcales,Thermaceae,Calidithermus,Calidithermus chliarophilus,84.33,0.43,0,10935,6224.42,456,0.000137,0.0119,0.686,0.853,3.372,50.17,2.68,Deinococcota_Deinococci_tr_bin4
SRR18749963,OTHER,PRJNA826697,https://www.ncbi.nlm.nih.gov/biosample/SAMN27578164,0.97,26/11/2020,0.55,China,39.76,116.16,drinking water metagenome,tr_bin4,Erebus - TR,Erebus-TR_bin.4.strict_final,Erebus-TR,Active only: 2-Erebus-TR..Rittmann,2,Bacteria,Deinococcota,Deinococci,Deinococcales,Thermaceae,Calidithermus,Calidithermus chliarophilus,84.33,0.43,0,10935,6224.42,456,0.000137,0.0119,0.686,0.853,3.372,50.17,2.68,Deinococcota_Deinococci_tr_bin4
ERR6412194,WGS,PRJEB46766,https://www.ncbi.nlm.nih.gov/biosample/SAMEA9456870,0.98,13/12/2016,0.66,uncalculated,NA,NA,freshwater metagenome,tr_bin7,Erebus - TR,Erebus-TR_bin.7.permissive_final,Erebus-TR,Active only: 2-Erebus-TR..Rittmann,2,Bacteria,Deinococcota,Deinococci,Deinococcales,Thermaceae,Meiothermus_B,,93.56,0,0,34060,14116.74,176,0.000568,0.0312,0.664,0.917,2.657,52.43,4.54,Deinococcota_Deinococci_tr_bin7
SRR14699520,WGS,PRJNA732601,https://www.ncbi.nlm.nih.gov/biosample/SAMN19461014,0.98,13/12/2016,0.66,uncalculated,-49.62566,68.79865,hot springs metagenome,tr_bin7,Erebus - TR,Erebus-TR_bin.7.permissive_final,Erebus-TR,Active only: 2-Erebus-TR..Rittmann,2,Bacteria,Deinococcota,Deinococci,Deinococcales,Thermaceae,Meiothermus_B,,93.56,0,0,34060,14116.74,176,0.000568,0.0312,0.664,0.917,2.657,52.43,4.54,Deinococcota_Deinococci_tr_bin7
ERR4010876,WGS,PRJEB37532,https://www.ncbi.nlm.nih.gov/biosample/SAMEA6638615,0.97,1/03/2011,0.51,Argentina,-34.6051,-58.4004,metagenome,tr_bin7,Erebus - TR,Erebus-TR_bin.7.permissive_final,Erebus-TR,Active only: 2-Erebus-TR..Rittmann,2,Bacteria,Deinococcota,Deinococci,Deinococcales,Thermaceae,Meiothermus_B,,93.56,0,0,34060,14116.74,176,0.000568,0.0312,0.664,0.917,2.657,52.43,4.54,Deinococcota_Deinococci_tr_bin7
