MAG,oxygen,ph_max,ph_min,ph_optimum,salinity_max,salinity_min,salinity_optimum,temperature_max,temperature_min,temperature_optimum
Erebus-WC_bin.38.permissive_final,tolerant,6.630728488,3.756970597,5.209158962,1.285652364,1.061150007,1.985002605,38.42829691,13.37400661,30.25945838
Erebus-TR_bin.1.orig_final,not tolerant,9.793151146,6.109409321,7.784943803,4.797386443,0.72442465,1.383251354,83.22292073,61.51401377,74.84867479
Erebus-TR_bin.10.permissive_final,not tolerant,8.838680053,5.606038349,7.039464039,4.531054052,1.885794638,2.259022795,52.85300192,30.66052407,47.57608795
Erebus-TR_bin.11.strict_final,tolerant,8.6723724,5.2403648,6.791717971,1.179108109,1.250594506,1.173500181,51.64373795,28.1184674,43.74746761
Erebus-TR_bin.12.permissive_final,tolerant,9.515825061,6.217740733,7.483143685,1.56938001,0,0,71.64591661,43.13585395,62.17001712
Erebus-TR_bin.13.strict_final,tolerant,9.964573961,6.001459575,7.880682094,0,0.211097803,0.839393935,46.83517785,27.96104059,39.85121106
Erebus-TR_bin.14.permissive_final,tolerant,8.509024598,4.748469582,6.50248537,1.821928589,0,0,42.2738196,14.75540147,32.45720205
Erebus-TR_bin.15.permissive_final,not tolerant,9.164060229,5.249510642,7.111018507,0.593274768,0,0,67.75879268,50.71294747,60.21856831
Erebus-TR_bin.16.strict_final,tolerant,8.52119269,4.759258461,6.539258055,0,0,0,45.41765749,22.19950546,36.82713265
Erebus-TR_bin.18.strict_final,not tolerant,8.394714655,5.058252318,6.68128436,0.346378441,0.078415932,0,53.78729468,35.81338748,46.8707559
Erebus-TR_bin.19.strict_final,tolerant,10.05433825,5.240582733,7.193859314,0.595355184,0,0,50.17867812,25.68646201,40.15050612
Erebus-TR_bin.20.strict_final,not tolerant,9.050747856,5.771777418,7.263172251,0,0.633699565,0.638461573,41.65833737,21.00543962,35.37883226
Erebus-TR_bin.21.strict_final,not tolerant,9.532561669,5.577069603,7.594720254,2.839085518,1.615806077,1.82310146,68.52976092,49.00236186,61.05664268
Erebus-TR_bin.22.permissive_final,not tolerant,9.549752031,5.535132673,7.370621501,0,0,0.129266522,64.53300172,41.30173911,57.07457812
Erebus-TR_bin.23.permissive_final,not tolerant,7.253494753,3.980409641,5.595871612,0,0,0,70.67174449,48.67052584,62.63801454
Erebus-TR_bin.4.strict_final,tolerant,10.84735114,5.880245106,8.02354336,3.582237704,0,0,60.8770008,36.85317819,50.66665018
Erebus-TR_bin.5.permissive_final,not tolerant,10.39790652,6.123052321,7.75508173,0.411479856,0.152375298,0.232609307,67.69273322,47.30053914,59.41543717
Erebus-TR_bin.7.permissive_final,tolerant,10.5358413,5.710210964,7.817007071,4.110910666,0,0,67.13145608,42.83950321,56.71727931
Erebus-TR_bin.8.permissive_final,not tolerant,9.958692538,5.489663318,7.36325332,3.910783435,0.749984825,1.476648902,74.7844566,53.15560728,68.19917706
Erebus-TR_bin.9.permissive_final,not tolerant,9.650742885,5.94186325,7.370420549,0,0,0,77.95029933,54.40324714,72.75529605
Erebus-WC_bin.12.permissive_final,not tolerant,9.296431777,5.404911685,7.317720535,1.843891479,0,0.433504445,56.63604136,32.5235715,48.80104442
Erebus-WC_bin.13.orig_final,not tolerant,5.860705204,3.273569126,4.761692609,0,0,0,40.20058307,26.36571405,35.78572875
Erebus-WC_bin.14.orig_final,not tolerant,8.053198105,4.822214279,6.380118356,0,0.871368245,0.699811224,64.53991506,43.97691878,57.47599972
Erebus-WC_bin.15.strict_final,not tolerant,8.510016789,4.760410119,6.579205889,0.898767441,0,0.152874656,52.3461832,27.91203673,44.26534435
Erebus-WC_bin.16.permissive_final,not tolerant,8.54170761,5.714574119,7.333281854,5.763150489,1.902565596,3.893896985,53.65156047,33.05367544,45.91490301
Erebus-WC_bin.19.orig_final,tolerant,7.111418775,3.972555642,5.79042378,1.544434686,0.448114739,1.761181255,42.724781,28.69434772,38.61158539
Erebus-WC_bin.2.strict_final,not tolerant,9.126097792,5.381739217,7.083875284,1.932848435,0.630072937,1.59392668,69.74204088,44.97829925,60.69715481
Erebus-WC_bin.20.strict_final,tolerant,6.529171483,3.474638018,5.075550225,4.279164422,0,0.257599494,46.15364257,26.26798309,41.49586012
Erebus-WC_bin.21.strict_final,tolerant,7.767586676,3.941299385,5.661369357,0.182724475,0,0,43.95021924,22.94256476,37.08601962
Erebus-WC_bin.23.strict_final,tolerant,8.962742392,4.629830888,6.718509079,3.299469567,0,0.242760657,46.12989256,19.94151337,36.57558319
Erebus-WC_bin.24.orig_final,tolerant,6.297656328,3.488779388,4.800103374,2.307824239,1.019791248,1.311080296,59.13893335,40.48834331,51.55867971
Erebus-WC_bin.25.orig_final,tolerant,9.671898267,5.112403018,7.356362958,0,0.030480146,0,40.08186478,20.27845497,33.27855677
Erebus-WC_bin.26.orig_final,not tolerant,8.5886362,4.877591058,6.67291944,0.189162957,0,0,70.19982424,49.08164815,61.76156559
Erebus-WC_bin.27.orig_final,not tolerant,9.746351783,6.308431756,7.792029956,3.060366443,1.209180599,2.269840838,56.1297715,35.45344343,50.35588684
Erebus-WC_bin.28.permissive_final,tolerant,6.570098429,3.244232826,4.952935902,1.866017775,0,0,41.92330645,23.35790404,36.2582338
Erebus-WC_bin.29.strict_final,tolerant,8.554821793,4.333592911,6.28936093,0.243775874,0,0,36.42253051,11.12155595,25.98354292
Erebus-WC_bin.30.orig_final,not tolerant,9.183911528,5.807747282,7.064854866,0,0,0,72.91780832,50.43194978,66.63874562
Erebus-WC_bin.31.orig_final,tolerant,7.980585264,4.246417057,6.033981086,0,0.862462882,0.705442244,45.51860795,24.83238553,35.8694015
Erebus-WC_bin.32.strict_final,tolerant,8.582742713,4.595396628,6.424617429,2.124371596,0,1.09054236,49.42563029,28.06041119,41.52729699
Erebus-WC_bin.33.strict_final,tolerant,6.548107865,3.355393746,4.955220273,0.74365731,0.804339745,0.91954751,43.55136145,22.71248472,34.8351571
Erebus-WC_bin.35.orig_final,tolerant,7.789241548,3.982220259,5.87951932,1.672170445,0,0.96064994,47.99019485,31.64845081,41.98693219
Erebus-WC_bin.36.permissive_final,not tolerant,6.964694826,3.548221642,5.224835812,0,0,0,53.34304473,36.33841678,47.86503707
Erebus-WC_bin.37.strict_final,tolerant,9.456965763,5.135180963,7.333436485,0.460357731,0.069828364,0.462049153,51.89719524,29.50570363,45.23217657
Erebus-WC_bin.43.strict_final,tolerant,7.325565643,3.947256016,5.59504682,0.611137411,0,0.082548784,45.71736991,27.73225473,38.6638889
Erebus-WC_bin.46.orig_final,tolerant,9.009727649,5.10696399,7.15272391,0.483431061,0.136742847,0.534712303,43.86467665,25.52129043,37.11427206
Erebus-WC_bin.47.orig_final,tolerant,8.738343751,4.533664236,6.442447424,0.428713762,0,0,54.75529662,31.3115733,46.62261432
Erebus-WC_bin.49.orig_final,not tolerant,9.078570683,5.470634311,7.130254198,2.461448383,0.695870415,0.495832664,50.57612564,26.25152624,42.36051319
Erebus-WC_bin.5.orig_final,tolerant,8.690353836,4.49232072,6.631777086,1.007494086,0.086339325,0.539446356,47.2912604,30.90474837,40.03343237
Erebus-WC_bin.55.permissive_final,not tolerant,8.139027053,4.897890926,6.572020091,0.896357537,0,0.145438634,57.41881448,38.35715197,51.63245874
Erebus-WC_bin.57.orig_final,not tolerant,9.15851575,5.425597426,7.355477244,3.055095111,0.520189977,1.713808042,49.79371828,25.34068071,41.70165362
Erebus-WC_bin.59.orig_final,not tolerant,6.154148712,3.569274024,5.050648268,6.457462045,1.814465565,5.323037694,33.98499334,14.91238976,27.67475755
Erebus-WC_bin.6.orig_final,tolerant,9.714569295,5.807722344,7.839402127,0,1.131445717,1.600620782,42.39059431,23.5118981,36.00460517
Erebus-WC_bin.60.permissive_final,not tolerant,5.633586206,2.280135771,3.900487616,0.583293789,0,0,66.71778811,43.27352813,59.31057948
Erebus-WC_bin.7.strict_final,not tolerant,6.944644863,3.565480405,5.205977496,1.926000469,0.48120601,1.067104232,37.01407242,19.47057747,30.43530221
Erebus-WC_bin.8.strict_final,tolerant,8.370034099,4.804123414,6.571946218,2.443037591,0,0.044606512,42.86937562,19.2470182,33.80492175
Erebus-WC_bin.9.orig_final,tolerant,7.571735941,3.801761882,5.477632811,2.681482659,0.949115701,1.784633331,43.6959316,17.14147477,33.67106813
Mel_bin.1.orig_final,tolerant,9.214993552,5.391755856,7.238376937,2.627662598,1.468861493,1.029810313,48.4723742,23.75048655,40.41649085
Mel_bin.10.orig_final,tolerant,8.308604034,4.872753058,6.48978829,1.411654266,0.007913719,0.977776307,42.72699792,19.7671278,35.11227698
Mel_bin.11.strict_final,tolerant,8.566261286,5.224561762,6.881754378,1.977105627,0.915517328,0.429663479,40.33775241,17.55455984,32.78945372
Mel_bin.12.orig_final,tolerant,6.910166109,3.257503939,5.139830495,1.50306965,0.375567868,0.243153334,46.22857118,26.19069363,39.61937914
Mel_bin.13.orig_final,not tolerant,8.739493708,5.209515541,6.955658433,1.212776718,0.54631017,0.330322575,46.32900244,23.59417327,38.93605744
Mel_bin.14.orig_final,tolerant,7.633541901,3.892378225,5.747554796,1.286990917,0,0.289773842,37.57530139,21.15564326,29.72754535
Mel_bin.15.permissive_final,tolerant,8.28099887,4.654647178,6.498474806,2.662401417,0.963722611,0.823132616,48.68669681,26.88802942,42.09676732
Mel_bin.16.orig_final,tolerant,8.086777005,4.543399314,6.390129264,0,0,0,37.76099698,14.10535861,28.99788863
Mel_bin.17.orig_final,tolerant,9.740067257,5.16655297,7.055757755,0.518366344,0,0,54.557258,30.90524937,44.99581943
Mel_bin.18.orig_final,tolerant,8.892985249,5.194794473,6.987808815,0.306731706,0.696869264,0.164952691,46.52462835,22.13538432,37.35003763
Mel_bin.19.orig_final,tolerant,7.608585237,4.142033558,5.800727973,3.2275737,0,0.774852323,40.61845761,19.80105162,32.25843077
Mel_bin.2.strict_final,tolerant,9.165248955,5.521300151,7.353250252,3.281902758,0.929648921,1.197404435,43.3405511,20.20071775,36.016732
Mel_bin.20.orig_final,not tolerant,8.181130851,4.228836184,6.278721047,3.426203306,0,1.027470149,49.21356282,32.43641142,42.78129525
Mel_bin.21.strict_final,not tolerant,7.761206849,4.614888276,6.031784939,3.379682533,0,0.0485127,60.76294175,40.14694869,53.95397123
Mel_bin.22.strict_final,tolerant,8.639243031,5.275250893,6.706548185,0,0.476271343,0,40.15940621,17.34251334,30.45117786
Mel_bin.23.orig_final,tolerant,8.964777211,4.901235223,6.835246681,0.292209117,0.126410481,0.263228592,43.24886422,19.45615981,34.04176609
Mel_bin.24.orig_final,tolerant,7.968898199,4.417582429,6.129938502,2.176485783,0.464895908,1.317520379,43.2337018,18.9582532,34.66545837
Mel_bin.25.orig_final,tolerant,8.964323909,5.405590439,7.10024602,1.29385721,0.838005047,0.243110982,45.25388881,21.18404974,37.56982254
Mel_bin.26.orig_final,tolerant,8.483408474,4.866523766,6.643523659,2.09076576,0,0.032460928,43.21323046,18.84743873,33.7532499
Mel_bin.27.orig_final,tolerant,8.081143212,4.058650209,6.175798096,3.36795818,0.65100259,1.604147215,38.85002893,21.85121311,32.74571262
Mel_bin.28.orig_final,tolerant,8.323603713,4.622755038,6.466638225,0,0,0,41.50133981,18.50192756,32.54843652
Mel_bin.29.orig_final,tolerant,8.672383551,5.339774539,6.939633478,0,0.25011062,0.531283741,44.36825376,23.19500809,35.68750951
Mel_bin.3.permissive_final,not tolerant,9.236217924,5.907107941,7.229468973,1.003579287,0.038033908,0,59.75165165,35.99312823,50.35707613
Mel_bin.30.orig_final,tolerant,8.820079491,5.670455607,6.947199423,1.042935315,0.623961987,1.468384022,50.15189478,26.10435101,41.51217028
Mel_bin.31.orig_final,tolerant,9.133279043,5.11832716,6.964606154,3.416007665,0,0.67560356,36.03451195,12.39268731,26.88042257
Mel_bin.32.strict_final,tolerant,8.241092448,4.226306994,6.163039283,2.294977577,0,0,53.46524343,34.38284344,46.83376812
Mel_bin.33.orig_final,tolerant,7.877222052,4.048183233,5.745667029,3.929275857,0,0.694423774,48.60166058,28.63858804,41.08194438
Mel_bin.34.strict_final,tolerant,9.596201921,5.457735383,7.536786073,0.488967038,0.08632967,0.660272514,44.28397648,26.21035232,37.44254007
Mel_bin.35.orig_final,not tolerant,8.567723319,5.06080371,6.850554416,3.602891661,1.499344611,1.867386629,43.37161593,19.75471422,35.95155549
Mel_bin.36.orig_final,tolerant,7.650515074,4.138701027,5.992340296,0,0,0,36.64192183,19.99269371,29.84804647
Mel_bin.37.strict_final,tolerant,7.801137548,3.860965066,5.757072944,4.020183324,0,0.303620883,48.00460074,29.60647834,40.3360162
Mel_bin.38.permissive_final,tolerant,8.457607311,5.050659503,6.675035749,2.319566502,0.406046887,0.915116895,41.34042232,18.18776913,33.75049826
Mel_bin.39.orig_final,tolerant,7.037429038,3.587403325,5.289903967,3.432512664,0.951807167,1.152652662,47.81128928,24.77975979,41.64215648
Mel_bin.4.strict_final,not tolerant,8.484729997,4.683437022,6.498219182,1.789575638,0,0,56.03667846,34.00344778,47.64349339
Mel_bin.40.permissive_final,tolerant,8.155486,4.681114862,6.447536761,1.426410092,0,0.498546853,38.67990018,14.32142689,30.45873995
Mel_bin.41.orig_final,tolerant,9.094997494,5.291316714,7.204813048,3.190760987,1.122072512,1.694540037,41.94993263,20.20456157,34.7612014
Mel_bin.42.orig_final,tolerant,7.521677415,4.16227431,5.740701118,0,0.124862201,0,35.50942198,15.50103234,26.5131923
Mel_bin.5.orig_final,tolerant,8.382442844,4.477334719,6.346272652,1.669874791,0,0.019635212,41.35448549,18.87490299,33.80127052
Mel_bin.6.orig_final,tolerant,7.527030839,4.110921884,5.636610723,3.703202458,1.011651053,2.378247877,44.63208017,20.18651547,36.27104824
Mel_bin.7.orig_final,tolerant,8.381774411,4.877913634,6.605093646,1.632308076,0,0.984543974,44.19809636,21.58429719,36.29695707
Mel_bin.8.permissive_final,tolerant,9.26165821,5.059481879,7.064124048,0,0,0,36.45437677,17.77065766,30.21166228
Mel_bin.9.orig_final,tolerant,8.813230883,4.412105978,6.54735233,0,0.159304652,0,56.61839161,35.64131098,48.57250456
Ritt_bin.1.strict_final,not tolerant,8.692796825,5.675401467,7.335631993,5.380443122,1.613066186,3.26936831,50.70572585,27.62923066,42.19067927
Ritt_bin.10.strict_final,tolerant,8.224399023,4.645046462,6.381206004,2.080773145,0.302564852,0.693899337,42.41960298,17.80035839,33.25517017
Ritt_bin.11.strict_final,tolerant,9.040352102,5.493551315,7.176891732,3.874545127,1.181309861,1.860642534,43.24576608,20.33342325,34.99717829
Ritt_bin.13.permissive_final,not tolerant,7.270853978,3.664406214,5.400107455,0,0.067911151,0,57.27005731,35.09218848,51.74227653
Ritt_bin.14.strict_final,not tolerant,9.438108503,6.203298801,7.634715683,0,0.451220286,0,74.8455044,50.80376679,67.35259916
Ritt_bin.15.permissive_final,not tolerant,6.649508112,3.278198284,5.03553404,2.562898752,0.671319486,1.377713221,38.45395813,20.7749206,31.42099875
Ritt_bin.3.strict_final,not tolerant,9.158813129,5.423672466,7.205063403,0.424945602,0,0,60.79925413,38.61276929,53.12118546
Ritt_bin.4.orig_final,not tolerant,9.785438957,6.262648633,7.586657621,0,0,0,85.92925742,61.83493706,79.24296192
Ritt_bin.5.strict_final,not tolerant,7.786437134,4.579317061,5.995096519,2.528835048,0,0,60.74826019,40.63030767,53.92736091
Ritt_bin.6.strict_final,not tolerant,8.136397244,4.837421578,6.474077237,1.665895245,0.444117193,0.440094594,72.46449806,52.18866774,64.87283387
Ritt_bin.7.strict_final,tolerant,8.062471513,3.957356378,5.930459709,3.066817223,0,0.387293722,37.20505401,9.411912463,27.55122652
Ritt_bin.8.strict_final,not tolerant,8.001769864,3.75834235,6.034468263,0,0,0,79.88552784,62.55743428,73.6678674
Ritt_bin.9.permissive_final,not tolerant,5.610750002,2.366217053,3.928641575,0,0,0,66.78772906,43.27868019,59.99288785
