MAG,Completeness,Contamination,Coding_Density,Contig_N50,Average_Gene_Length,GC_Content,Total_Coding_Sequences,Domain,Phylum,Class,Order,Family,Genus,Species,oxygen,ph_optimum,salinity_optimum,ph_range,temp_range,salinity_range,num_caz,unique_caz,growth_rate,unique_path,ogt2,Genome_Size,dist,Site,num_locations,temperature_min
F8-11-22_bin.13,99.77,0,0.894,177591,351.6869483,0.55,3172,Bacteria,Armatimonadota,Chthonomonadetes,Chthonomonadales,Chthonomonadaceae,Chthonomonas,,not tolerant,5.293794409,0.236048375,3.300776682,20.99469097,0,33.39079974,28.31539818,12.84675215,6,53.19583076,3.743546156,F8 cosm,F8,3,34.26
F8-11-22_bin.30,95.06,5.14,0.862,15801,321.3977392,0.69,4777,Bacteria,Chloroflexota,Chloroflexia,Chloroflexales,Roseiflexaceae,,,tolerant,7.587115491,0,4.530175937,21.21079738,0,24.42228479,19.43086892,8.445254796,4,48.57286999,5.60963076,F8 cosm,F8,243,33.34
F8-12-22_bin.19,93.64,1.4,0.878,34184,290.2509184,0.43,2722,Bacteria,Desulfobacterota_D,UBA1144,UBA2774,CSP1-2,,,not tolerant,6.409050427,0.68124761,3.093354288,17.57273877,0.459837882,12.50820018,9.381150132,14.95551804,7,56.43565194,2.878111918,F8 cosm,F8,3,41.30
F8-12-22_bin.20,93.84,0.89,0.888,13267,327.5351974,0.6,3040,Bacteria,Acidobacteriota,Blastocatellia,Pyrinomonadales,Pyrinomonadaceae,Pyrinomonas,Pyrinomonas methylaliphatogenes,not tolerant,7.369095533,2.665452167,3.588948928,21.93647784,1.837927861,26.5330036,23.46076108,9.512218138,6,54.26403828,3.580446505,F8 cosm,F8,12,33.55
F8-12-22_bin.22,85.94,1.55,0.888,7671,279.5179786,0.67,3087,Bacteria,Chloroflexota,Dehalococcoidia,CAUJGQ01,CAUJGQ01,,,not tolerant,5.408450519,0,3.323651148,20.58500409,0,5.610157833,5.314886368,7.292579585,4,53.02277024,3.386713987,F8 cosm,F8,70,38.19
F8-12-22_bin.26,94.88,0.3,0.932,246653,350.7918808,0.65,1946,Bacteria,Acidobacteriota,Terriglobia,Acidoferrales,UBA7541,,,not tolerant,6.172229417,0.337051852,2.986975743,21.44281756,0,10.8150844,9.084670895,6.773805609,6,56.55742566,2.311586214,F8 cosm,F8,1,41.35
F8-12-22_bin.5,95.02,3.62,0.808,36997,337.2181168,0.62,4195,Bacteria,Chloroflexota,Ktedonobacteria,Ktedonobacterales,Ktedonobacteraceae,Thermogemmatispora,,not tolerant,6.291590568,0.176069162,3.621358786,18.43852495,0,21.02721707,17.76437305,12.59830483,7,51.30565633,5.516659651,F8 cosm,F8,3,36.33
F8-13-22_bin.10,90.4,2.12,0.894,11170,288.3556624,0.68,3329,Bacteria,Chloroflexota,Dehalococcoidia,CAUJGQ01,CAUJGQ01,,,not tolerant,5.40277638,0,3.411974835,20.9177818,0,6.460802641,6.179898178,6.985783809,5,53.02642851,3.559929204,F8 cosm,F8,108,37.87
F8-14-22_bin.11,96.41,0.3,0.89,15343,259.4922753,0.35,2848,Archaea,Thermoproteota,Thermoprotei_A,Sulfolobales,Sulfolobaceae,Saccharolobus,Saccharolobus shibatae,not tolerant,3.165333066,0,2.242748805,24.96584451,0,19.84771434,17.12351826,8.302432562,7,76.72565954,2.569565398,F8 cosm,F8,13,60.08
F8-14-22_bin.18,90,5.61,0.887,12863,290.8658931,0.7,3706,Bacteria,Chloroflexota,Dehalococcoidia,CAUJGQ01,CAUJGQ01,,,not tolerant,6.930155143,0.125641665,3.689321914,23.08715504,1.012263023,5.438215826,4.943832569,7.661743491,5,61.15348468,4.045444444,F8 cosm,F8,192,41.68
F8-14-22_bin.23,95.9,0.24,0.908,38447,301.2532348,0.65,3246,Bacteria,Deinococcota,Deinococci,Deinococcales,Thermaceae,Allomeiothermus,Allomeiothermus sp003226535,tolerant,7.371346399,0,4.535287353,24.55428427,2.760698807,17.55906062,12.79728147,6.325732962,6,54.22964215,3.360088634,F8 cosm,F8,5,40.18
F8-14-22_bin.3,98.05,5.35,0.926,24273,308.3614245,0.67,2836,Bacteria,Chloroflexota,Dehalococcoidia,JAUQQI01,JAUQQI01,JAUQQI01,,not tolerant,6.782298552,0,3.542253617,22.12524647,0,13.21031269,10.42919423,7.863314057,10,64.69467532,2.876540541,F8 cosm,F8,18,48.83
F8-14-22_bin.8,94.7,2.6,0.914,85066,344.3820938,0.58,2837,Bacteria,Armatimonadota,HRBIN17,HRBIN17,HRBIN17,Fervidibacter,Fervidibacter sp002898575,not tolerant,7.232683689,1.177477536,3.943242586,21.84707566,0,20.71128857,20.41541302,9.295579948,5,61.48542163,3.379799366,F8 cosm,F8,13,52.76
F8-14-22_bin.9,99.99,1.58,0.864,52005,309.551764,0.68,3458,Bacteria,Chloroflexota,Chloroflexia,Thermomicrobiales,Thermomicrobiaceae,Thermalbibacter,,not tolerant,7.851967571,1.943151881,3.70251198,22.63780085,4.003928633,18.60755704,14.56243595,7.837490584,8,65.87594135,3.708170817,F8 cosm,F8,88,48.71
F8-8-22_bin.5,92.73,3.72,0.893,12962,287.4879903,0.68,3289,Bacteria,Chloroflexota,Dehalococcoidia,CAUJGQ01,CAUJGQ01,,,not tolerant,5.530679638,0,3.35649266,21.36738589,0,6.720577327,6.428378313,6.833322504,5,51.86992038,3.42232503,F8 cosm,F8,171,35.32
F8-8-22_bin.9,100,0.1,0.931,191827,343.2825776,0.66,2095,Bacteria,Acidobacteriota,Terriglobia,Acidoferrales,UBA7541,,,not tolerant,6.183163627,0.768833735,2.838984083,21.63359237,0,11.68505909,9.953939228,6.027083706,6,58.20697439,2.310643,F8 cosm,F8,28,43.42
F8-9-22_bin.1,91.83,2.22,0.816,63709,334.7029337,0.6,4329,Bacteria,Chloroflexota,Ktedonobacteria,Ktedonobacterales,Ktedonobacteraceae,Thermogemmatispora,,not tolerant,6.348885259,0.599185554,3.469758346,17.47847084,0.368088449,21.07485869,17.61996382,12.74646427,7,51.98948521,5.788888163,F8 cosm,F8,3,37.80
F8-9-22_bin.3,93.78,0.36,0.906,24569,296.0257113,0.63,2917,Bacteria,Deinococcota,Deinococci,Deinococcales,Thermaceae,Allomeiothermus,Allomeiothermus silvanus,tolerant,7.308741719,0,4.591825711,23.87160202,0.66252533,19.71995063,14.46129713,7.619323668,8,53.40548854,3.042603967,F8 cosm,F8,42,40.71
F8-9-22_bin.4,91.27,12.38,0.865,7375,294.4758818,0.68,5245,Bacteria,Chloroflexota,UBA2235,UBA12225,UBA12225,,,tolerant,6.332416295,0.823073075,4.023593512,24.07440903,0.258470364,10.92469429,8.876314113,8.419532982,4,54.7613112,5.858287499,F8 cosm,F8,47,42.53
