depth,Delta 2H,d-excess
1.086956522,-266.66,3.9
3.260856522,-260.34,0.94
5.434756522,-260.97,1.91
7.608656522,-264.77,3.23
9.782556522,-260.74,2.78
11.95645652,-264.14,2.5
14.13035652,-265.71,2.69
16.30425652,-267.95,2.37
18.47815652,-268.03,3.89
20.65205652,-266.66,8.78
22.82595652,-266.62,9.14
24.99985652,-265.86,8.54
27.17375652,-267.9,5.14
29.34765652,-265.26,7.54
31.52155652,-271.41,4.27
33.69545652,-272.24,4.24
35.86935652,-273.94,2.46
38.04325652,-276.08,1.04
40.21715652,-277.37,0.87
42.39105652,-276.86,0.42
44.56495652,-273.95,1.49
46.73885652,-274.01,2.79
48.91275652,-273.79,5.01
51.08665652,-271.92,0.56
53.26055652,-268.25,0.87
55.43445652,-269.36,1.52
57.60835652,-268.6,9.72
59.78225652,-270.12,8.28
61.95615652,-266.3,11.78
64.13005652,-267.76,10.56
66.30395652,-266.24,10.88
68.47785652,-266.92,11.56
70.65175652,-266.44,3.64
72.82565652,-267.33,5.71
74.99955652,-265.63,7.01
77.17345652,-267.04,5.44
79.34735652,-267.38,4.38
81.52125652,-267.64,3.4
83.69515652,-268.95,8.41
85.86905652,-270.94,6.42
88.04295652,-271.33,10.35
90.21685652,-271.73,11.71
92.39075652,-275.15,10.37
94.56465652,-271.95,9.73
96.73855652,-272.09,11.91
98.91245652,-270.7,11.54
