Gene ID	EC#	dbCAN_hmm	dbCAN_sub	DIAMOND	#ofTools	Recommend Results	Substrate
NODE_100_length_16457_cov_12.342092_15	-	-	-	PL0	1	-	-
NODE_100_length_16457_cov_12.342092_6	-	-	-	GT0	1	-	-
NODE_103_length_15947_cov_10.661402_13	-	-	-	CBM48+GH13_9	1	-	-
NODE_103_length_15947_cov_10.661402_9	-	GH104(51-206)	GH104_e20(52-207)	GH104	3	GH104_e20	peptidoglycan
NODE_108_length_15474_cov_12.109735_5	-	GT39(13-267)	GT39_e32(14-267)	GT39	3	GT39_e32	-
NODE_109_length_15460_cov_11.917364_4	-	GT2(9-150)	GT2(10-145)	GT2	3	GT2	-
NODE_109_length_15460_cov_11.917364_5	-	GT2(7-117)	GT2(9-249)	GT2	3	GT2	-
NODE_10_length_40320_cov_14.961580_17	-	AA1(100-219)	-	-	1	-	-
NODE_110_length_15320_cov_11.047167_12	-	GH31_1(233-684)	GH31_e34(233-685)	GH31_1	3	GH31_1	-
NODE_110_length_15320_cov_11.047167_4	-	CE11(8-284)	CE11_e23(10-284)	CE11	3	CE11_e23	exo-polysaccharide
NODE_110_length_15320_cov_11.047167_7	-	GT19(3-367)	GT19_e5(4-368)	GT19	3	GT19_e5	-
NODE_112_length_15044_cov_11.159618_11	-	CE16(32-299)	CE16_e2(31-299)	-	2	CE16_e2	xylan
NODE_113_length_14924_cov_12.285292_10	-	GT47(19-162)	-	GT0	2	GT47	-
NODE_113_length_14924_cov_12.285292_11	-	-	-	GT0	1	-	-
NODE_113_length_14924_cov_12.285292_12	-	-	-	GT0	1	-	-
NODE_113_length_14924_cov_12.285292_13	-	GT26(58-148)	GT26_e37(60-148)	-	2	GT26_e37	-
NODE_113_length_14924_cov_12.285292_5	-	-	-	GT0	1	-	-
NODE_113_length_14924_cov_12.285292_6	-	GT4(247-384)	GT4_e2702(249-384)	GT4	3	GT4_e2702	-
NODE_113_length_14924_cov_12.285292_8	-	GT2(6-240)	GT2(9-270)	GT0	3	GT2	-
NODE_118_length_14615_cov_11.800069_8	3.2.1.41:1;3.2.1.135:1	GH13_20(53-368)	GH13_e157(54-369)	GH13_20	3	GH13_20	alpha-glucan
NODE_118_length_14615_cov_11.800069_9	-	-	-	GT0	1	-	-
NODE_119_length_14614_cov_12.197266_10	2.4.1.1:158	GT35(111-824)	GT35_e0(113-825)	GT35	3	GT35_e0	-
NODE_119_length_14614_cov_12.197266_7	-	GH65(311-700)	GH65_e11(312-700)	GH65	3	GH65_e11	-
NODE_120_length_14608_cov_11.136879_15	-	GT83(6-203)	GT83_e8(6-203)	-	2	GT83_e8	-
NODE_125_length_14330_cov_11.247706_10	-	-	GT1_e572(188-364)	GT1	2	GT1_e572	-
NODE_125_length_14330_cov_11.247706_3	-	-	-	GH1	1	-	-
NODE_125_length_14330_cov_11.247706_6	-	-	-	CBM48+GH13_8+GH13_8	1	-	-
NODE_125_length_14330_cov_11.247706_7	-	-	-	GT4	1	-	-
NODE_125_length_14330_cov_11.247706_8	-	GT27(8-232)	GT2(9-195)	GT2	3	GT2	-
NODE_125_length_14330_cov_11.247706_9	-	GT4(228-378)	GT4_e1569(229-378)	GT4	3	GT4_e1569	-
NODE_126_length_14286_cov_10.547115_12	-	-	-	GT33	1	-	-
NODE_126_length_14286_cov_10.547115_4	-	-	-	GH13	1	-	-
NODE_128_length_14270_cov_12.271192_11	-	GT2(11-193)	GT2(12-196)	GT2	3	GT2	-
NODE_128_length_14270_cov_12.271192_12	-	GT4(196-357)	GT4_e1159(199-359)	GT4	3	GT4_e1159	-
NODE_128_length_14270_cov_12.271192_13	-	GT4(208-358)	GT4_e1613(206-359)	GT4	3	GT4_e1613	-
NODE_128_length_14270_cov_12.271192_7	-	GT4(168-312)	GT4_e2132(169-307)	GT4	3	GT4_e2132	-
NODE_132_length_13929_cov_13.311446_15	-	CE16(49-302)	CE16_e2(50-302)	CE0	3	CE16_e2	xylan
NODE_135_length_13768_cov_12.128054_9	-	CE1(55-292)	CE1_e22(67-271)	-	2	CE1_e22	-
NODE_136_length_13761_cov_11.971618_13	-	GT5(4-194)	GT5_e33(1-194)	GT5	3	GT5_e33	-
NODE_138_length_13519_cov_12.240567_2	-	GT4(196-340)	GT4_e2517(198-341)	GT4	3	GT4_e2517	-
NODE_13_length_35468_cov_11.673538_11	-	-	-	CE4	1	-	-
NODE_13_length_35468_cov_11.673538_2	-	GT76(59-234)	GT76_e12(58-235)	GT0	3	GT76_e12	-
NODE_13_length_35468_cov_11.673538_3	-	CE4(100-222)	CE4_e267(102-220)	CE4	3	CE4_e267	-
NODE_143_length_13087_cov_11.298880_1	-	-	-	CE8	1	-	-
NODE_143_length_13087_cov_11.298880_8	-	-	-	GH65	1	-	-
NODE_144_length_13014_cov_14.633228_9	-	-	-	CBM50	1	-	-
NODE_150_length_12720_cov_13.581682_2	-	-	-	GT1	1	-	-
NODE_151_length_12686_cov_11.531866_11	-	GT2(109-332)	GT2(109-333)	GT2	3	GT2	-
NODE_152_length_12649_cov_18.380737_9	-	-	-	GH13_11	1	-	-
NODE_154_length_12466_cov_10.692934_3	-	-	-	GT2	1	-	-
NODE_155_length_12386_cov_11.961317_4	-	-	GH73_e79(321-442)	GH0	2	GH73_e79	-
NODE_156_length_12170_cov_11.405365_9	-	GT83(89-459)	-	-	1	-	-
NODE_157_length_12169_cov_14.820043_3	-	-	-	CBM13	1	-	-
NODE_157_length_12169_cov_14.820043_4	-	GT4(214-359)	GT4_e3943(217-360)	GT4	3	GT4_e3943	-
NODE_157_length_12169_cov_14.820043_5	2.4.1.-:1	GT4(195-347)	GT4_e2995(199-346)	GT4	3	GT4_e2995	-
NODE_159_length_12069_cov_10.946479_1	-	-	-	GT1	1	-	-
NODE_159_length_12069_cov_10.946479_2	-	-	-	GT2	1	-	-
NODE_15_length_34672_cov_11.691972_25	-	GT5(2-452)	GT5_e17(3-452)	GT5	3	GT5_e17	-
NODE_162_length_11839_cov_11.994060_2	-	-	-	PL0	1	-	-
NODE_162_length_11839_cov_11.994060_8	-	GT4(216-378)	GT4_e345(217-379)	GT4	3	GT4_e345	-
NODE_164_length_11705_cov_11.278026_1	-	GH188(22-210)	-	-	1	-	-
NODE_164_length_11705_cov_11.278026_5	-	-	-	GH13_26	1	-	-
NODE_166_length_11613_cov_11.856723_3	-	GT21(44-259)	GT21_e22(47-267)	GT0	3	GT21_e22	-
NODE_16_length_32034_cov_11.149629_1	-	GT83(23-423)	GT83_e8(24-424)	GT83	3	GT83_e8	-
NODE_170_length_11447_cov_11.092433_6	-	GT2(12-176)	GT2(13-236)	GT2	3	GT2	-
NODE_173_length_11315_cov_10.904707_9	-	GH133(350-709)	GH133_e5(350-710)	GH133	3	GH133_e5	alpha-glucan
NODE_176_length_11060_cov_10.699046_6	-	-	-	GH43_13+CBM91+GH43_13	1	-	-
NODE_179_length_11035_cov_10.707468_4	-	-	-	GT1	1	-	-
NODE_17_length_31687_cov_11.204034_17	-	-	-	GT11	1	-	-
NODE_17_length_31687_cov_11.204034_18	-	-	-	GT11	1	-	-
NODE_185_length_10758_cov_11.546389_12	-	GT83(105-384)	GT83_e36(104-381)	-	2	GT83_e36	-
NODE_186_length_10744_cov_11.424361_3	-	GH133(302-653)	GH133_e2(304-654)	GH133	3	GH133_e2	alpha-glucan
NODE_188_length_10678_cov_12.107126_10	-	-	-	GT4	1	-	-
NODE_18_length_31058_cov_11.761055_5	-	-	GT2(6-257)	GT2	2	GT2	-
NODE_18_length_31058_cov_11.761055_6	-	GT4(215-361)	GT4_e3210(215-362)	GT4	3	GT4_e3210	-
NODE_192_length_10457_cov_11.523553_2	-	-	-	GH27	1	-	-
NODE_193_length_10451_cov_11.788957_4	-	GT4(215-363)	GT4_e441(216-361)	GT4	3	GT4_e441	-
NODE_193_length_10451_cov_11.788957_7	-	GT4(212-367)	GT4_e2169(213-366)	GT4	3	GT4_e2169	-
NODE_193_length_10451_cov_11.788957_8	-	GT10(76-285)	GT10_e40(140-286)	GT0	3	GT10_e40	-
NODE_196_length_10353_cov_10.598369_6	-	CE3(50-243)	CE3_e23(50-244)	CE3	3	CE3_e23	-
NODE_199_length_10291_cov_11.191872_7	-	-	-	GT51	1	-	-
NODE_19_length_30885_cov_11.620889_27	-	-	-	GT50	1	-	-
NODE_19_length_30885_cov_11.620889_8	-	GT51(80-255)	GT51_e106(81-255)	GT51	3	GT51_e106	-
NODE_1_length_57842_cov_17.429560_18	-	GT51(124-299)	GT51_e140(125-299)	GT51	3	GT51_e140	-
NODE_1_length_57842_cov_17.429560_7	-	GT4(166-308)	GT4_e2132(167-305)	GT4	3	GT4_e2132	-
NODE_201_length_10276_cov_10.792877_6	-	GT2(13-125)	GT2(13-287)	GT2	3	GT2	-
NODE_203_length_10163_cov_12.847942_4	-	GT4(936-1067)	GT4_e1578(935-1073)	GT4	3	GT4_e1578	-
NODE_205_length_10092_cov_11.195277_5	2.4.1.25:21	GH77(11-504)	GH77_e26(12-505)	GH77	3	GH77_e26	alpha-glucan
NODE_205_length_10092_cov_11.195277_6	5.4.99.16:7	GH13_16(35-388)	GH13_e0(36-389)	GH13_16	3	GH13_16	alpha-glucan
NODE_206_length_10051_cov_11.195578_1	-	-	-	GT2	1	-	-
NODE_206_length_10051_cov_11.195578_2	-	-	-	GT2	1	-	-
NODE_211_length_9948_cov_11.892449_11	-	-	-	PL0	1	-	-
NODE_215_length_9829_cov_12.117454_7	-	AA3(3-512)	-	-	1	-	-
NODE_216_length_9778_cov_11.439576_5	-	-	-	GH0	1	-	-
NODE_21_length_30740_cov_11.428679_11	-	-	-	GT50	1	-	-
NODE_220_length_9549_cov_11.273752_3	2.4.1.25:21	GH77(11-494)	GH77_e26(12-494)	GH77	3	GH77_e26	alpha-glucan
NODE_224_length_9360_cov_10.629984_10	-	-	-	CBM50+GH25	1	-	-
NODE_225_length_9354_cov_11.805140_10	-	-	-	GT2	1	-	-
NODE_227_length_9251_cov_11.582427_2	-	GT4(171-295)	GT4_e2132(171-307)	GT4	3	GT4_e2132	-
NODE_227_length_9251_cov_11.582427_3	-	GH176(308-701)	GH133_e2(330-692)	GH176	3	GH133_e2	alpha-glucan
NODE_227_length_9251_cov_11.582427_6	-	-	-	GH28	1	-	-
NODE_228_length_9246_cov_12.141443_1	-	GT26(58-229)	GT26_e30(59-230)	GT26	3	GT26_e30	-
NODE_22_length_30675_cov_13.576355_12	-	GT4(187-350)	GT4_e282(193-354)	GT4	3	GT4_e282	-
NODE_22_length_30675_cov_13.576355_13	-	GT4(214-358)	GT4_e143(215-357)	GT4	3	GT4_e143	-
NODE_22_length_30675_cov_13.576355_15	-	GT4(205-362)	GT4_e282(211-360)	GT4	3	GT4_e282	-
NODE_22_length_30675_cov_13.576355_16	-	GT4(194-338)	GT4_e3510(197-341)	GT4	3	GT4_e3510	-
NODE_22_length_30675_cov_13.576355_17	-	GT2(5-118)	GT2(6-289)	GT2	3	GT2	-
NODE_22_length_30675_cov_13.576355_18	-	GT2(5-144)	GT2(6-289)	GT2	3	GT2	-
NODE_22_length_30675_cov_13.576355_19	-	GT2(5-115)	GT2(6-289)	GT2	3	GT2	-
NODE_22_length_30675_cov_13.576355_20	-	GT2(5-112)	GT2(6-282)	GT2	3	GT2	-
NODE_22_length_30675_cov_13.576355_21	-	GT4(227-364)	GT4_e790(227-366)	GT4	3	GT4_e790	-
NODE_230_length_9203_cov_11.428400_3	-	-	-	GT2	1	-	-
NODE_231_length_9091_cov_11.058433_4	-|-	GH13_2(89-411)+CBM20(548-630)	GH13_e207(90-409)+CBM20_e37(549-631)	CBM20+GH13_2	3	GH13_2|CBM20_e37	alpha-glucan
NODE_233_length_8885_cov_11.444054_1	-	GH116(429-815)	GH116_e8(430-815)	GH116	3	GH116_e8	-
NODE_234_length_8858_cov_11.131887_6	-	-	-	GT1	1	-	-
NODE_239_length_8737_cov_12.854181_3	-	-	GT2(11-266)	GT2	2	GT2	-
NODE_239_length_8737_cov_12.854181_4	-	GT2(115-246)	GT2(201-316)	GT2	3	GT2|GT2	-
NODE_239_length_8737_cov_12.854181_5	-	-	-	GT2+GT4	1	-	-
NODE_23_length_29476_cov_11.535672_5	-	-	-	GT30	1	-	-
NODE_247_length_8576_cov_11.838986_1	-	-	CBM91_e19(50-137)	-	1	-	xylan
NODE_24_length_29217_cov_14.904568_16	-	-	-	GH13_31	1	-	-
NODE_24_length_29217_cov_14.904568_23	-	-	-	GT0	1	-	-
NODE_251_length_8422_cov_11.065495_7	-	-	-	GH38	1	-	-
NODE_258_length_8318_cov_11.756263_1	-	-	-	GT1	1	-	-
NODE_25_length_29068_cov_14.045842_15	-	GT119(64-189)+GT119(227-429)	-	GT119	2	GT119|GT119	-
NODE_25_length_29068_cov_14.045842_22	-	-	-	GT4	1	-	-
NODE_25_length_29068_cov_14.045842_23	-	-	-	GT2	1	-	-
NODE_261_length_8267_cov_12.374208_2	-	-	-	GH1	1	-	-
NODE_262_length_8255_cov_10.864146_4	-	GH188(25-165)	-	-	1	-	-
NODE_264_length_8241_cov_11.749695_4	2.4.1.14:1	GT4(220-382)	GT4_e2395(223-382)	GT4	3	GT4_e2395	-
NODE_265_length_8140_cov_13.921583_4	-	GT2(5-139)	GT2(6-283)	GT2	3	GT2	-
NODE_265_length_8140_cov_13.921583_6	-	-	GT4_e3861(230-377)	GT4	2	GT4_e3861	-
NODE_266_length_8117_cov_10.487968_3	-	-	-	GH0	1	-	-
NODE_267_length_8110_cov_12.030292_2	2.4.1.25:4;3.2.1.68:75;3.2.1.-:1|3.2.1.68:15;3.2.1.-:1	CBM48(12-100)+GH13_11(181-535)	CBM48_e3(11-102)+GH13_e48(181-536)	CBM48+GH13_11	3	CBM48_e3|GH13_11	-;alpha-glucan
NODE_267_length_8110_cov_12.030292_3	3.2.1.1:4;3.2.1.141:34|-	GH13_10(119-432)	CBM48_e0(3-102)+GH13_e127(120-433)	CBM48+GH13_10	3	CBM48_e0|GH13_10	alpha-glucan
NODE_267_length_8110_cov_12.030292_4	5.4.99.15:5	GH13_26(26-386)	GH13_e105(24-388)	GH13_26	3	GH13_26	alpha-glucan
NODE_270_length_8041_cov_12.490233_1	-	-	GT2(4-275)	GT2	2	GT2	-
NODE_270_length_8041_cov_12.490233_2	-	GH188(30-288)	-	-	1	-	-
NODE_270_length_8041_cov_12.490233_4	-	GT4(218-368)	GT4_e3794(222-369)	GT4	3	GT4_e3794	-
NODE_27_length_28378_cov_11.081771_18	-	-	-	GT2	1	-	-
NODE_280_length_7655_cov_11.531184_4	-	-	-	GT2	1	-	-
NODE_284_length_7480_cov_13.743838_6	-	CE9(34-371)	CE9_e80(31-378)	CE9	3	CE9_e80	host glycan
NODE_290_length_7167_cov_13.867267_3	-	CE4(109-245)	CE4_e274(110-244)	-	2	CE4_e274	-
NODE_293_length_7147_cov_11.601523_2	-	-	-	GT121	1	-	-
NODE_295_length_7125_cov_11.826308_5	-	GT119(29-371)	-	GT119	2	GT119	-
NODE_295_length_7125_cov_11.826308_7	-	-	-	GT2	1	-	-
NODE_29_length_27903_cov_11.479173_6	-	GH109(3-159)	GH109_e2(5-163)	-	2	GH109_e2	host glycan
NODE_2_length_51460_cov_11.377220_13	-	-	-	GH27	1	-	-
NODE_2_length_51460_cov_11.377220_40	2.4.1.13:2	GT4(563-733)	GT4_e2361(565-734)	GT4	3	GT4_e2361	-
NODE_301_length_6933_cov_15.082873_6	-	GT9(83-251)	GT9_e110(79-252)	GT9	3	GT9_e110	-
NODE_302_length_6898_cov_11.557796_2	-	GH57_9(57-327)	-	-	1	-	-
NODE_304_length_6873_cov_10.907598_3	-	-	-	GT4	1	-	-
NODE_308_length_6689_cov_10.951010_4	-	-	-	GH1	1	-	-
NODE_311_length_6632_cov_10.020374_3	-	-	-	GH5_11	1	-	-
NODE_315_length_6584_cov_10.476030_2	-	-	-	GH47	1	-	-
NODE_316_length_6581_cov_11.712688_2	-	-	-	GT50	1	-	-
NODE_31_length_27572_cov_11.282625_11	-	GT83(24-556)	GT83_e64(33-335)	-	2	GT83_e64	-
NODE_327_length_6259_cov_10.857511_8	-	-	GT2(1-123)	GT2	2	GT2	-
NODE_329_length_6247_cov_11.050388_3	2.4.1.13:2	GT4(562-733)	GT4_e2361(565-734)	GT4	3	GT4_e2361	-
NODE_336_length_6131_cov_11.832785_2	-	GT76(54-231)	GT76_e12(53-232)	GT0	3	GT76_e12	-
NODE_337_length_6120_cov_12.319868_6	-	GT2(6-139)	GT2(7-122)	GT2	3	GT2	-
NODE_337_length_6120_cov_12.319868_7	-	GT2(6-122)	GT2(7-122)	GT2	3	GT2	-
NODE_339_length_6058_cov_11.190072_1	-	GT4(1-148)	GT4_e3788(1-148)	GT4	3	GT4_e3788	-
NODE_339_length_6058_cov_11.190072_2	-	-	-	GT4	1	-	-
NODE_33_length_27050_cov_12.435599_2	2.4.1.18:1;3.2.1.1:3	GH57_5(8-421)	GH57_e30(8-425)	GH57_5	3	GH57_5	alpha-glucan;beta-glucan
NODE_340_length_6038_cov_11.318402_3	-	-	-	GH131	1	-	-
NODE_34_length_26094_cov_11.252352_14	-	-	-	GH0	1	-	-
NODE_34_length_26094_cov_11.252352_8	-	-	-	GT1	1	-	-
NODE_352_length_5805_cov_11.768174_4	-	-	-	GT1	1	-	-
NODE_353_length_5791_cov_11.505753_1	-	GT2(25-183)	GT2(26-188)	GT2	3	GT2	-
NODE_356_length_5737_cov_11.109293_4	-	-	-	GT11	1	-	-
NODE_358_length_5717_cov_11.152773_1	-	GT4(194-335)	GT4_e3376(197-335)	GT4	3	GT4_e3376	-
NODE_35_length_26063_cov_14.957013_18	-	-	-	GT57	1	-	-
NODE_366_length_5601_cov_12.810855_1	-	-	-	GT2	1	-	-
NODE_366_length_5601_cov_12.810855_3	-	-	-	GT2	1	-	-
NODE_36_length_26042_cov_11.917343_11	-	GT28(188-340)	GT28_e140(189-339)	GT28	3	GT28_e140	-
NODE_370_length_5470_cov_10.475162_3	-	GT4(206-355)	GT4_e1648(209-357)	GT4	3	GT4_e1648	-
NODE_373_length_5428_cov_11.152243_2	2.4.1.1:9	GT35(298-655)	GT35_e7(152-682)	GT35	3	GT35_e7	-
NODE_379_length_5330_cov_11.284929_4	-	-	-	GH13	1	-	-
NODE_384_length_5190_cov_11.532619_3	-	-	-	GT0	1	-	-
NODE_385_length_5186_cov_10.117131_1	-	-	-	GH28	1	-	-
NODE_389_length_5074_cov_11.011357_3	-	-	-	GT1	1	-	-
NODE_38_length_25467_cov_12.852707_4	-	-	-	GH0	1	-	-
NODE_391_length_5050_cov_12.219219_2	-	GT2(6-124)	GT2(7-219)	GT2	3	GT2	-
NODE_391_length_5050_cov_12.219219_3	-	GT4(208-359)	GT4_e367(210-359)	GT4	3	GT4_e367	-
NODE_39_length_25428_cov_10.938557_17	-	GT51(216-382)	GT51_e69(212-382)	GT51	3	GT51_e69	-
NODE_39_length_25428_cov_10.938557_5	-	-	-	GH9	1	-	-
NODE_39_length_25428_cov_10.938557_6	-	PL9_2(170-536)	PL9_e18(174-535)	PL0	3	PL9_2	-
NODE_3_length_51171_cov_11.310588_6	-	-	-	GT11	1	-	-
NODE_3_length_51171_cov_11.310588_8	-	-	-	GT11	1	-	-
NODE_400_length_4789_cov_11.359738_1	-	GT4(169-309)	GT4_e2132(169-307)	GT4	3	GT4_e2132	-
NODE_402_length_4757_cov_11.814334_4	-	GH23(581-712)	GH23_e420(582-713)	GH23	3	GH23_e420	-
NODE_40_length_25332_cov_11.936780_12	-	CE3(173-305)	-	-	1	-	-
NODE_40_length_25332_cov_11.936780_7	-	-	-	GT121	1	-	-
NODE_410_length_4578_cov_12.635198_3	-	GH179(30-338)	GH109_e7(12-156)	-	2	GH109_e7	host glycan
NODE_412_length_4563_cov_11.799468_1	-	-	-	GT2	1	-	-
NODE_416_length_4502_cov_11.364291_3	-	GT2(32-180)	GT2(32-225)	GT2	3	GT2	-
NODE_416_length_4502_cov_11.364291_4	-	GT21(7-219)	GT21_e20(5-220)	GT21	3	GT21_e20	-
NODE_420_length_4437_cov_11.723642_3	-	-	GT4_e375(231-367)	GT0	2	GT4_e375	-
NODE_420_length_4437_cov_11.723642_4	-	CE14(46-164)	CE14_e45(48-162)	-	2	CE14_e45	-
NODE_428_length_4320_cov_11.464244_1	-	GT4(196-345)	GT4_e1515(198-344)	GT4	3	GT4_e1515	-
NODE_428_length_4320_cov_11.464244_2	-	GT4(221-366)	GT4_e2861(223-365)	GT4	3	GT4_e2861	-
NODE_42_length_24999_cov_11.119869_11	-	GT19(188-410)	-	GT0	2	GT19	-
NODE_439_length_4139_cov_10.654505_1	-	CE1(25-230)	-	-	1	-	-
NODE_43_length_24783_cov_20.144255_18	-	-	-	CBM50	1	-	-
NODE_43_length_24783_cov_20.144255_3	-	-	-	GH84	1	-	-
NODE_445_length_4078_cov_11.295799_2	-	-	CBM50_e820(325-367)	CBM50	2	CBM50_e820	chitin
NODE_449_length_4034_cov_9.872581_1	-	-	-	GT2	1	-	-
NODE_449_length_4034_cov_9.872581_2	-	-	-	GT2	1	-	-
NODE_44_length_24528_cov_11.343399_16	-	GH176(251-513)	-	GH176	2	GH176	-
NODE_469_length_3702_cov_10.875514_3	-	-	-	GH0	1	-	-
NODE_46_length_23875_cov_11.416709_6	-	-	-	CBM43+GH17	1	-	-
NODE_483_length_3459_cov_10.928907_1	-	-	GT1_e284(208-358)	GT1	2	GT1_e284	-
NODE_483_length_3459_cov_10.928907_2	-	-	-	GT2	1	-	-
NODE_485_length_3447_cov_11.388856_2	-	GT2(31-198)	GT2(32-199)	GT2	3	GT2	-
NODE_486_length_3412_cov_11.767650_3	-	-	-	GH6	1	-	-
NODE_48_length_23660_cov_11.578691_19	-	GT2(4-176)	GT2(5-177)	GT2	3	GT2	-
NODE_48_length_23660_cov_11.578691_20	-	GT4(178-321)	GT4_e545(179-321)	GT4	3	GT4_e545	-
NODE_490_length_3343_cov_10.408151_1	3.2.1.1:1	GH57_6(68-403)	GH57_e36(68-405)	GH57_6	3	GH57_6	alpha-glucan
NODE_491_length_3338_cov_11.626256_2	-	GT1(59-302)	GT1_e544(1-302)	GT1	3	GT1_e544	-
NODE_492_length_3338_cov_10.053914_1	2.4.1.1:9	GT35(276-639)	GT35_e7(130-665)	GT35	3	GT35_e7	-
NODE_49_length_23334_cov_9.763435_17	-	GT2(24-143)	GT2(25-200)	GT2	3	GT2	-
NODE_4_length_48466_cov_11.364793_19	-	GT2(54-225)	GT2(55-342)	GT2	3	GT2	-
NODE_4_length_48466_cov_11.364793_27	-	-	-	CBM43	1	-	-
NODE_533_length_2880_cov_13.218053_1	-	GT41(86-737)	GT41_e82(86-737)	GT41	3	GT41_e82	-
NODE_53_length_22660_cov_11.713780_11	-	GT2(13-130)	GT2(14-183)	GT2	3	GT2	-
NODE_53_length_22660_cov_11.713780_12	-	GT2(3-200)	GT2(4-203)	GT2	3	GT2	-
NODE_53_length_22660_cov_11.713780_13	-	GT4(202-354)	GT4_e2613(209-354)	GT4	3	GT4_e2613	-
NODE_53_length_22660_cov_11.713780_14	-	GT2(9-137)	GT2(10-234)	GT2	3	GT2	-
NODE_53_length_22660_cov_11.713780_15	-	GT2(5-172)	GT2(6-224)	GT2	3	GT2	-
NODE_53_length_22660_cov_11.713780_5	-	GT4(192-324)	GT4_e2206(194-324)	GT4	3	GT4_e2206	-
NODE_546_length_2761_cov_13.308204_1	-	-	GT4_e418(223-377)	GT4	2	GT4_e418	-
NODE_549_length_2732_cov_10.733284_1	-	-	-	GH20	1	-	-
NODE_54_length_22656_cov_11.366134_7	-	GH38(251-505)	GH38_e13(253-502)	GH38	3	GH38_e13	-
NODE_56_length_22174_cov_11.163886_12	-	-	-	GH13	1	-	-
NODE_56_length_22174_cov_11.163886_16	-	GT2(4-136)	GT2(5-137)	GT2	3	GT2	-
NODE_56_length_22174_cov_11.163886_6	-	-	-	GT35	1	-	-
NODE_56_length_22174_cov_11.163886_7	3.2.1.1:3	GH13_5(41-419)	GH13_e25(43-419)	GH13_5	3	GH13_5	alpha-glucan
NODE_56_length_22174_cov_11.163886_9	-	-	-	GH71	1	-	-
NODE_570_length_2501_cov_10.468520_1	-	AA4(4-188)	AA4_e1(6-221)	-	2	AA4_e1	lignin
NODE_574_length_2413_cov_11.386344_1	-	-	-	GH38	1	-	-
NODE_575_length_2410_cov_8.283227_2	-	-	-	GT2	1	-	-
NODE_57_length_22160_cov_12.037955_11	-	-	-	GT2	1	-	-
NODE_57_length_22160_cov_12.037955_13	-	-	-	GT2	1	-	-
NODE_57_length_22160_cov_12.037955_9	-	-	-	GT2	1	-	-
NODE_58_length_21606_cov_11.618394_1	-	-	-	GT121	1	-	-
NODE_58_length_21606_cov_11.618394_2	-	GT2(53-273)	GT2(54-274)	GT2	3	GT2	-
NODE_58_length_21606_cov_11.618394_7	-	GT26(56-229)	GT26_e179(57-230)	GT26	3	GT26_e179	-
NODE_58_length_21606_cov_11.618394_8	-	GH10(55-379)	GH10_e72(60-380)	GH10	3	GH10_e72	-
NODE_598_length_2101_cov_11.590909_3	-	-	-	AA5_1	1	-	-
NODE_59_length_21603_cov_12.915994_9	-	-	-	GH13_22+GH13_22+GT5	1	-	-
NODE_5_length_44465_cov_11.334789_1	-	-	-	GH13_23	1	-	-
NODE_603_length_2066_cov_10.254102_1	-|-	GH13(137-432)	CBM48_e97(6-80)+GH13_e84(138-430)	CBM48+GH13	3	CBM48_e97|GH13_e84	alpha-glucan
NODE_606_length_1964_cov_11.376637_5	-	GT4(2-135)	GT4_e2132(1-133)	GT4	3	GT4_e2132	-
NODE_611_length_1864_cov_12.864013_1	-	-	-	GT1	1	-	-
NODE_615_length_1768_cov_9.115587_2	-	AA5_2(28-246)	AA5_e0(19-246)	-	2	AA5_2	lignin
NODE_62_length_21049_cov_11.364580_13	-	-	-	GH92	1	-	-
NODE_638_length_1548_cov_11.044876_2	-	-	-	GT2	1	-	-
NODE_63_length_20937_cov_11.015516_6	-	-	-	GT2	1	-	-
NODE_63_length_20937_cov_11.015516_8	-	GT4(199-337)	GT4_e774(202-338)	GT4	3	GT4_e774	-
NODE_64_length_20101_cov_12.273970_1	-	-	GT2(4-125)	GT2	2	GT2	-
NODE_64_length_20101_cov_12.273970_5	-	GT2(12-258)	GT2(13-259)	GT2	3	GT2	-
NODE_64_length_20101_cov_12.273970_6	-	GT2(12-147)	GT2(13-261)	GT2	3	GT2	-
NODE_64_length_20101_cov_12.273970_7	-	GT2(8-152)	GT2(9-259)	GT2	3	GT2	-
NODE_69_length_19315_cov_10.582606_6	-	-	GT4_e452(156-250)	GT4	2	GT4_e452	-
NODE_6_length_43965_cov_12.051560_21	-	-	-	GH92	1	-	-
NODE_6_length_43965_cov_12.051560_30	-	GH5_55(48-325)	GH5_e125(48-324)	GH5	3	GH5_55	-
NODE_70_length_19054_cov_12.202274_1	-|-	GT2(73-189)+GT2(348-508)	GT2(74-271)+GT2(343-511)	GT2	3	GT2|GT2	-
NODE_70_length_19054_cov_12.202274_2	-	-	GT4_e2280(187-305)	GT4	2	GT4_e2280	-
NODE_70_length_19054_cov_12.202274_3	-	-	-	GT2	1	-	-
NODE_70_length_19054_cov_12.202274_5	-	GT4(223-367)	GT4_e2972(228-367)	GT4	3	GT4_e2972	-
NODE_70_length_19054_cov_12.202274_6	-	GT4(180-327)	GT4_e2034(182-329)	GT4	3	GT4_e2034	-
NODE_71_length_18705_cov_11.640590_9	-	GH102(174-313)	GH102_e17(175-314)	GH102	3	GH102_e17	peptidoglycan
NODE_72_length_18561_cov_11.859829_7	-	GT83(29-432)	-	-	1	-	-
NODE_72_length_18561_cov_11.859829_8	-	-	-	GT0	1	-	-
NODE_74_length_18434_cov_11.379128_3	3.2.1.132:1	GH3(75-288)	GH3_e140(76-289)	GH3	3	GH3_e140	chitosan
NODE_74_length_18434_cov_11.379128_8	-	-	-	GT47	1	-	-
NODE_75_length_18272_cov_13.050832_1	-	GT26(4-87)	GT26_e37(2-88)	-	2	GT26_e37	-
NODE_75_length_18272_cov_13.050832_2	-	GH10(58-380)	GH10_e72(61-381)	GH10	3	GH10_e72	-
NODE_75_length_18272_cov_13.050832_4	-	-	-	GT0	1	-	-
NODE_75_length_18272_cov_13.050832_5	-	GT4(203-343)	GT4_e2932(201-344)	-	2	GT4_e2932	-
NODE_75_length_18272_cov_13.050832_7	2.4.1.13:2	GT4(562-733)	GT4_e2361(563-732)	GT4	3	GT4_e2361	-
NODE_75_length_18272_cov_13.050832_8	-	GH65(303-697)	GH65_e11(304-699)	GH65	3	GH65_e11	-
NODE_79_length_17535_cov_11.466304_10	-	-	-	GH28	1	-	-
NODE_79_length_17535_cov_11.466304_15	-	GH57_2(8-478)	GH57_e29(9-483)	GH57_2	3	GH57_2	-
NODE_7_length_43636_cov_12.006562_14	-	-	-	GT0	1	-	-
NODE_7_length_43636_cov_12.006562_16	-	GT4(214-351)	GT4_e1683(214-353)	GT4	3	GT4_e1683	-
NODE_7_length_43636_cov_12.006562_19	-	GT4(230-379)	GT4_e1263(231-378)	GT4	3	GT4_e1263	-
NODE_7_length_43636_cov_12.006562_2	-	-	-	GT0	1	-	-
NODE_7_length_43636_cov_12.006562_20	-	GT4(188-338)	GT4_e3084(192-339)	GT4	3	GT4_e3084	-
NODE_7_length_43636_cov_12.006562_21	-	GT4(192-348)	GT4_e3440(195-348)	GT4	3	GT4_e3440	-
NODE_7_length_43636_cov_12.006562_22	-	-	GT4_e2429(242-393)	GT0	2	GT4_e2429	-
NODE_7_length_43636_cov_12.006562_23	-	GT2(24-147)	GT2(25-153)	GT2	3	GT2	-
NODE_7_length_43636_cov_12.006562_24	-	GT2(24-141)	GT2(25-153)	GT2	3	GT2	-
NODE_7_length_43636_cov_12.006562_26	-	-	-	GT4	1	-	-
NODE_7_length_43636_cov_12.006562_29	-	GT4(232-375)	GT4_e191(236-373)	GT4	3	GT4_e191	-
NODE_7_length_43636_cov_12.006562_30	-	GT2(27-147)	GT2(28-194)	GT2	3	GT2	-
NODE_7_length_43636_cov_12.006562_32	-	-	GT4_e1817(323-410)	GT4	2	GT4_e1817	-
NODE_7_length_43636_cov_12.006562_33	-	GT2(3-122)	GT2(4-161)	GT2	3	GT2	-
NODE_7_length_43636_cov_12.006562_36	-	GT26(61-233)	GT26_e92(63-234)	GT26	3	GT26_e92	-
NODE_81_length_17491_cov_15.526898_17	-	-	GH55_e1(131-448)	GH0	2	GH55_e1	-
NODE_83_length_17242_cov_13.498691_12	-	-	-	GT2	1	-	-
NODE_84_length_17238_cov_10.868125_9	-	-	-	GH39	1	-	-
NODE_86_length_17201_cov_11.626618_10	-	GT2(13-123)	GT2(14-199)	GT2	3	GT2	-
NODE_86_length_17201_cov_11.626618_11	-	GT4(223-381)	GT4_e3188(224-381)	GT4	3	GT4_e3188	-
NODE_86_length_17201_cov_11.626618_6	-	GT2(6-124)	GT2(7-219)	GT2	3	GT2	-
NODE_8_length_43153_cov_12.227969_2	-	-	-	GT2	1	-	-
NODE_8_length_43153_cov_12.227969_21	-	-	-	GT119	1	-	-
NODE_8_length_43153_cov_12.227969_23	3.2.1.26:4	GH100(10-459)	GH100_e2(12-459)	GH100	3	GH100_e2	sucrose
NODE_8_length_43153_cov_12.227969_32	-	-	CBM50_e841(48-91)	CBM50	2	CBM50_e841	chitin
NODE_8_length_43153_cov_12.227969_37	-	GT9(70-300)	GT9_e156(72-299)	GT9	3	GT9_e156	-
NODE_90_length_17044_cov_11.400494_8	-	-	-	GH13_30	1	-	-
NODE_91_length_17020_cov_9.490775_11	-	-	-	GT0	1	-	-
NODE_91_length_17020_cov_9.490775_6	-	-	-	GT1	1	-	-
NODE_93_length_16954_cov_11.757678_1	-	GT83(62-355)	-	-	1	-	-
NODE_93_length_16954_cov_11.757678_4	-	GT83(20-528)	GT83_e53(24-500)	GT83	3	GT83_e53	-
NODE_94_length_16914_cov_11.002313_7	2.4.1.18:57|2.4.1.18:57|2.4.1.18:14	CBM48(128-210)+GH13_9(303-603)	CBM48_e2(23-108)+CBM48_e2(125-224)+GH13_e200(304-604)	CBM48+GH13_9	3	CBM48_e2|CBM48_e2|GH13_9	alpha-glucan
NODE_94_length_16914_cov_11.002313_9	-	GT2(13-128)	GT2(14-148)	GT2	3	GT2	-
NODE_96_length_16862_cov_11.492711_4	3.5.1.41:1	CE4(28-151)	CE4_e266(28-151)	CE4	3	CE4_e266	chitin
NODE_98_length_16694_cov_12.863273_13	-	-	-	GT2	1	-	-
NODE_98_length_16694_cov_12.863273_6	-	-	-	PL0	1	-	-
NODE_9_length_40828_cov_11.405219_25	-	-	-	GH1	1	-	-
NODE_9_length_40828_cov_11.405219_7	-	-	-	GH13_48	1	-	-
