acc,assay_type,bioproject,cANI,collection_date_sam,containment,geo_loc_name_country_calc,lat_lon,organism
SRR17548884,WCS,PRJNA796067,0.94,2017-03-09,0.29,China,"[28.23,116.33]",soil metagenome
SRR5581483,WGS,PRJNA375309,0.93,null,0.22,USA,"[40.7999,-76.3402]",soil metagenome
ERR3641460,OTHER,PRJEB35194,0.92,2017-05-10,0.18,China,null,metagenome
SRR23978761,WGS,PRJNA928765,0.9,2019-09-01,0.11,Senegal,"[14.75,-16.85]",soil metagenome
SRR24716242,WGA,PRJNA939564,0.91,2020-08-01,0.13,Australia,"[-23.83,133.35]",outdoor metagenome
SRR5579884,WGS,PRJNA375307,0.95,null,0.33,USA,"[40.7999,-76.3402]",soil metagenome
SRR28085311,WGS,PRJNA1080177,0.93,2017-05-26,0.21,China,"[28.25,116.38]",soil metagenome
SRR26457736,WGS,PRJNA1029129,0.9,2021-08-09,0.11,USA,"[31.906778,-110.815262]",soil metagenome
SRR18503733,OTHER,PRJNA820715,0.91,2019-05-01,0.12,USA,"[35.62,-88.85]",soil metagenome
SRR24008525,WGS,PRJNA930013,0.92,2020-03-01,0.19,Senegal,"[13.61,-15.8]",soil metagenome
SRR5919098,WGS,PRJNA317932,0.93,2013-09-11,0.21,Australia,"[-22.282754,133.249341]",soil metagenome
SRR5918970,WGS,PRJNA317932,0.94,null,0.25,Australia,"[-25.2875,130.92864]",soil metagenome
ERR671927,WGS,PRJEB7626,0.9,2012-11-13,0.1,Australia,null,soil metagenome
SRR16608031,WGS,PRJNA775848,0.93,2015-12-01,0.22,Australia,"[-29.164658,116.786696]",soil metagenome
SRR16608034,WGS,PRJNA775848,0.91,2015-12-01,0.15,Australia,"[-29.164658,116.786696]",soil metagenome
ERR3641462,OTHER,PRJEB35194,0.93,2017-05-10,0.2,China,null,metagenome
ERR2191985,WGS,PRJEB23251,0.9,2017-03-01,0.12,South Africa,null,metagenome
SRR16630568,WGS,PRJNA776090,0.93,2018-10-01,0.2,China,"[23.35,110.5]",soil metagenome
ERR2697170,OTHER,PRJEB27666,0.95,2017-05-10,0.35,China,null,metagenome
SRR23978755,WGS,PRJNA928765,0.95,2019-09-01,0.32,Senegal,"[14.75,-16.85]",soil metagenome
SRR16630611,WGS,PRJNA776090,0.92,2018-10-01,0.18,China,"[23.35,110.5]",soil metagenome
SRR30138990,WGS,PRJNA1122929,0.91,2020-03-18,0.15,Australia,"[-18.65067,146.15472]",soil metagenome
SRR16630557,WGS,PRJNA776090,0.97,2018-10-01,0.52,China,"[23.35,110.5]",soil metagenome
SRR5195140,WGS,PRJNA362455,0.94,2015-09-01,0.27,Brazil,null,rhizosphere metagenome
SRR5690242,WGS,PRJNA375191,0.9,2014-06-18,0.1,USA,"[33.8834,-83.4195]",soil metagenome
SRR24036751,WGS,PRJNA930014,0.9,null,0.11,USA,"[39.96,-83.0]",soil metagenome
SRR28085346,WGS,PRJNA1080177,0.93,2017-05-26,0.2,China,"[28.25,116.49]",soil metagenome
SRR28085352,WGS,PRJNA1080177,0.91,2017-05-26,0.14,China,"[28.25,116.43]",soil metagenome
SRR23978753,WGS,PRJNA928765,0.92,2019-09-01,0.17,Senegal,"[14.75,-16.85]",soil metagenome
SRR28085309,WGS,PRJNA1080177,0.93,2017-05-26,0.2,China,"[28.25,116.4]",soil metagenome
SRR23978790,WGS,PRJNA928765,0.94,2019-09-01,0.28,Senegal,"[14.75,-16.85]",soil metagenome
ERR2697171,OTHER,PRJEB27666,0.93,2017-05-10,0.2,China,null,metagenome
SRR24036731,WGS,PRJNA930014,0.9,null,0.11,USA,"[39.96,-83.0]",soil metagenome
SRR26457740,WGS,PRJNA1029128,0.95,2021-08-10,0.31,USA,"[31.828844,-110.823985]",soil metagenome
SRR23978773,WGS,PRJNA928765,0.95,2019-09-01,0.31,Senegal,"[14.75,-16.85]",soil metagenome
SRR5690348,WGS,PRJNA375192,0.91,2014-06-18,0.14,USA,"[33.8834,-83.4195]",soil metagenome
SRR16183360,WGS,PRJNA768333,0.9,2021-07-05,0.12,Dominican Republic,"[19.2517,-70.0774]",African swine fever virus
SRR24677574,WGS,PRJNA974462,0.91,2016-10-11,0.14,USA,"[40.8007,-76.3414]",mine metagenome
SRR18933267,WGS,PRJNA832417,0.9,2019-01-29,0.11,Australia,"[-23.8144,133.8036]",soil metagenome
SRR16608032,WGS,PRJNA775848,0.93,2015-12-01,0.2,Australia,"[-29.164658,116.786696]",soil metagenome
SRR28085349,WGS,PRJNA1080177,0.93,2017-05-26,0.24,China,"[28.25,116.46]",soil metagenome
SRR24036725,WGS,PRJNA930014,0.91,null,0.15,USA,"[39.96,-83.0]",soil metagenome
SRR5919097,WGS,PRJNA317932,0.9,2013-09-05,0.1,Australia,"[-22.288806,133.613639]",soil metagenome
SRR16608030,WGS,PRJNA775848,0.92,2015-12-01,0.16,Australia,"[-29.164658,116.786696]",soil metagenome
SRR5918989,WGS,PRJNA317932,0.92,2013-03-15,0.19,Australia,"[-25.3118,131.084]",soil metagenome
SRR5919282,WGS,PRJNA317932,0.9,2011-11-17,0.12,Australia,"[-28.05314507,120.5453166]",soil metagenome
SRR5195117,WGS,PRJNA362455,0.93,2015-10-01,0.19,South Africa,"[-25.77,27.61]",rhizosphere metagenome
SRR25158215,WGS,PRJNA983538,0.9,null,0.12,China,"[29.16,119.74]",soil metagenome
SRR29496777,Hi-C,PRJNA1126331,1.0,2022-12-01,0.93,uncalculated,"[-73.45,165.5]",metagenome
SRR5919168,WGS,PRJNA317932,0.93,2012-10-25,0.21,Australia,"[-35.14969941,150.68634598]",soil metagenome
SRR13002033,WGS,PRJNA675130,0.9,2018-03-01,0.12,Australia,"[-34.1192,151.2267]",marine metagenome
SRR23978796,WGS,PRJNA928765,0.9,2019-09-01,0.11,Senegal,"[14.75,-16.85]",soil metagenome
SRR24677597,WGS,PRJNA974462,0.92,2016-10-11,0.16,USA,"[40.8008,-76.3414]",mine metagenome
SRR16630601,WGS,PRJNA776090,0.94,2018-10-01,0.24,China,"[23.35,110.5]",soil metagenome
SRR16608029,WGS,PRJNA775848,0.92,2015-12-01,0.17,Australia,"[-29.164658,116.786696]",soil metagenome
SRR25158513,WGS,PRJNA983538,0.9,null,0.1,China,"[24.20194444,109.3694444]",soil metagenome
SRR17548887,WCS,PRJNA796067,0.93,2017-03-06,0.2,China,"[28.23,116.33]",soil metagenome
SRR24008569,WGS,PRJNA930013,0.9,2020-03-01,0.11,Senegal,"[13.83,-16.27]",soil metagenome
SRR2093878,WGS,PRJNA289185,0.9,2014-08-01,0.11,China,null,soil metagenome
SRR5195136,WGS,PRJNA362455,0.93,2015-07-01,0.22,China,"[23.64,112.82]",rhizosphere metagenome
SRR23978772,WGS,PRJNA928765,0.92,2019-09-01,0.16,Senegal,"[14.75,-16.85]",soil metagenome
SRR5689334,WGS,PRJNA375190,0.9,2014-06-18,0.11,USA,"[33.8834,-83.4195]",soil metagenome
SRR28085348,WGS,PRJNA1080177,0.95,2017-05-26,0.36,China,"[28.25,116.47]",soil metagenome
ERR671926,WGS,PRJEB7626,0.9,2012-11-13,0.1,Australia,null,soil metagenome
SRR28085350,WGS,PRJNA1080177,0.91,2017-05-26,0.13,China,"[28.25,116.45]",soil metagenome
SRR28085320,WGS,PRJNA1080177,0.96,2017-05-26,0.4,China,"[28.25,116.37]",soil metagenome
SRR30731289,WGS,PRJNA1162941,0.9,null,0.11,uncalculated,null,soil metagenome
SRR23978783,WGS,PRJNA928765,0.95,2019-09-01,0.31,Senegal,"[14.75,-16.85]",soil metagenome
SRR28522423,WGS,PRJNA1068274,0.91,2022-10-01,0.15,China,"[24.7112427,118.22805048]",soil metagenome
SRR5919206,WGS,PRJNA317932,0.92,2012-11-13,0.16,Australia,"[-25.351,131.041]",soil metagenome
SRR24036719,WGS,PRJNA930014,0.9,null,0.11,USA,"[39.96,-83.0]",soil metagenome
SRR5919281,WGS,PRJNA317932,0.91,2011-11-17,0.15,Australia,"[-28.05314507,120.5453166]",soil metagenome
SRR29131133,WGS,PRJNA1114650,0.9,null,0.11,USA,null,soil metagenome
SRR30731174,WGS,PRJNA1162941,0.9,null,0.1,uncalculated,null,soil metagenome
SRR13514086,WGS,PRJNA693984,0.92,null,0.18,USA,null,lichen metagenome
SRR19681048,WGS,PRJNA817243,0.91,2020-07-01,0.13,Colombia,"[11.5913,-72.3254]",soil metagenome
SRR23978779,WGS,PRJNA928765,0.94,2019-09-01,0.27,Senegal,"[14.75,-16.85]",soil metagenome
SRR28085345,WGS,PRJNA1080177,0.93,2017-05-27,0.22,China,"[28.25,116.5]",soil metagenome
SRR25158181,WGS,PRJNA983538,0.93,null,0.24,China,"[28.76805556,116.0538889]",soil metagenome
SRR26663109,WGS,PRJNA1035420,0.93,null,0.22,China,"[28.77,116.05]",soil metagenome
SRR24677594,WGS,PRJNA974462,0.9,2018-10-02,0.11,USA,"[40.8008,-76.3414]",mine metagenome
SRR5919229,WGS,PRJNA317932,0.9,2011-11-21,0.1,Australia,"[-22.57065,118.08065]",soil metagenome
SRR26663071,WGS,PRJNA1035420,0.93,null,0.2,China,"[21.13,110.1]",soil metagenome
SRR12358471,WGA,PRJNA649682,0.92,2019-03-01,0.17,South Africa,"[-25.73,25.64]",soil metagenome
ERR3971850,WGS,PRJEB36447,0.9,null,0.1,NP,null,metagenome
SRR10686852,WGS,PRJNA594760,0.93,null,0.22,China,"[34.9198,118.6507]",plant metagenome
SRR24008512,WGS,PRJNA930013,0.9,2019-08-01,0.1,Senegal,"[14.37,-16.06]",soil metagenome
SRR5919234,WGS,PRJNA317932,0.9,2011-09-11,0.11,Australia,"[-17.50701666,123.7349]",soil metagenome
SRR11829607,WGA,PRJNA630300,0.9,2015-08-01,0.1,China,"[19.503,109.557]",soil metagenome
SRR16183353,WGS,PRJNA768333,0.9,2021-07-05,0.11,Dominican Republic,"[19.2517,-70.0774]",African swine fever virus
SRR29131138,WGS,PRJNA1114650,0.9,null,0.1,USA,null,soil metagenome
SRR16630524,WGS,PRJNA776090,0.94,2018-10-01,0.24,China,"[23.35,110.5]",soil metagenome
SRR23978770,WGS,PRJNA928765,0.92,2019-09-01,0.18,Senegal,"[14.75,-16.85]",soil metagenome
SRR29483436,WGS,PRJNA1126331,1.0,2022-12-01,0.95,uncalculated,"[-73.45,165.5]",metagenome
SRR23978800,WGS,PRJNA928765,0.94,2019-09-01,0.3,Senegal,"[14.75,-16.85]",soil metagenome
ERR2697169,OTHER,PRJEB27666,0.92,2017-05-10,0.18,China,null,metagenome
SRR23978803,WGS,PRJNA928765,0.96,2019-09-01,0.4,Senegal,"[14.75,-16.85]",soil metagenome
SRR5195131,WGS,PRJNA362455,0.91,2015-07-01,0.14,China,"[25.46,114.52]",rhizosphere metagenome
SRR27594664,WGS,PRJNA1061239,0.9,2022-06-01,0.11,China,"[29.44,119.13]",soil metagenome
ERR3641461,OTHER,PRJEB35194,0.95,2017-05-10,0.35,China,null,metagenome
SRR16608033,WGS,PRJNA775848,0.92,2015-12-01,0.17,Australia,"[-29.164658,116.786696]",soil metagenome
SRR30731251,WGS,PRJNA1162941,0.9,null,0.12,uncalculated,null,soil metagenome
SRR17548886,WCS,PRJNA796067,0.93,2017-03-07,0.22,China,"[28.23,116.33]",soil metagenome
ERR2191958,WGS,PRJEB23251,0.91,2017-03-01,0.13,South Africa,null,metagenome
SRR23978750,WGS,PRJNA928765,0.92,2019-09-01,0.16,Senegal,"[14.75,-16.85]",soil metagenome
SRR16630579,WGS,PRJNA776090,0.94,2018-10-01,0.29,China,"[23.35,110.5]",soil metagenome
SRR24677598,WGS,PRJNA974462,0.93,2015-10-12,0.22,USA,"[40.8008,-76.3414]",mine metagenome
SRR26663020,WGS,PRJNA1035420,0.92,null,0.18,China,"[24.2,109.37]",soil metagenome
SRR24036710,WGS,PRJNA930014,0.9,null,0.12,USA,"[39.96,-83.0]",soil metagenome
SRR5195139,WGS,PRJNA362455,0.9,2015-09-01,0.11,Brazil,null,rhizosphere metagenome
SRR5918988,WGS,PRJNA317932,0.9,2013-03-15,0.11,Australia,"[-25.3119,131.085]",soil metagenome
ERR2191880,WGS,PRJEB23251,0.92,2017-03-01,0.17,South Africa,null,metagenome
SRR16630613,WGS,PRJNA776090,0.93,2018-10-01,0.2,China,"[23.35,110.5]",soil metagenome
SRR5919230,WGS,PRJNA317932,0.9,2011-11-21,0.12,Australia,"[-22.57065,118.08065]",soil metagenome
SRR17548888,WCS,PRJNA796067,0.95,2017-03-05,0.35,China,"[28.23,116.33]",soil metagenome
SRR16630612,WGS,PRJNA776090,0.94,2018-10-01,0.26,China,"[23.35,110.5]",soil metagenome
SRR28085331,WGS,PRJNA1080177,0.91,2017-05-26,0.14,China,"[28.25,116.36]",soil metagenome
SRR28085353,WGS,PRJNA1080177,0.9,2017-05-26,0.1,China,"[28.25,116.34]",soil metagenome
SRR23978765,WGS,PRJNA928765,0.92,2019-09-01,0.18,Senegal,"[14.75,-16.85]",soil metagenome
SRR17548885,WCS,PRJNA796067,0.93,2017-03-08,0.2,China,"[28.23,116.33]",soil metagenome
SRR5195148,WGS,PRJNA362455,0.98,2015-08-01,0.63,Australia,"[-34.18,142.15]",rhizosphere metagenome
SRR5919205,WGS,PRJNA317932,0.92,2012-11-13,0.19,Australia,"[-25.351,131.041]",soil metagenome
SRR5195135,WGS,PRJNA362455,0.92,2015-07-01,0.16,China,"[23.64,112.82]",rhizosphere metagenome
SRR29702827,WGS,PRJNA1131609,0.9,2023-02-24,0.1,South Africa,"[-25.47,25.37]",metagenome
SRR23978777,WGS,PRJNA928765,0.93,2019-09-01,0.21,Senegal,"[14.75,-16.85]",soil metagenome
ERR3971671,WGS,PRJEB36447,0.92,null,0.16,NP,null,metagenome
SRR17548889,WCS,PRJNA796067,0.92,2017-03-04,0.18,China,"[28.23,116.33]",soil metagenome
SRR29483437,WGS,PRJNA1126331,0.94,2022-12-01,0.3,uncalculated,"[-74.35,164.7]",metagenome
SRR27594665,WGS,PRJNA1061239,0.9,2022-06-01,0.1,China,"[29.44,119.13]",soil metagenome
SRR16526563,WGS,PRJNA768538,0.91,2019-10-11,0.13,USA,"[43.0738,-89.4139]",bioreactor sludge metagenome
SRR30731351,WGS,PRJNA1162941,0.9,null,0.11,uncalculated,null,soil metagenome
