MAG	lowest_cANI	accession
Erebus-TR_bin.1.orig_final	0.97	NA
Erebus-TR_bin.10.permissive_final	0.97	NA
Erebus-TR_bin.11.strict_final	0.97	NA
Erebus-TR_bin.12.permissive_final	0.97	NA
Erebus-TR_bin.13.strict_final	0.96	DRR318517
Erebus-TR_bin.14.permissive_final	0.97	NA
Erebus-TR_bin.15.permissive_final	0.97	NA
Erebus-TR_bin.16.strict_final	0.97	NA
Erebus-TR_bin.18.strict_final	0.97	NA
Erebus-TR_bin.19.strict_final	0.97	NA
Erebus-TR_bin.20.strict_final	0.97	NA
Erebus-TR_bin.21.strict_final	0.97	NA
Erebus-TR_bin.22.permissive_final	0.96	ERR11489096
Erebus-TR_bin.23.permissive_final	0.97	NA
Erebus-TR_bin.4.strict_final	0.97	NA
Erebus-TR_bin.5.permissive_final	0.97	NA
Erebus-TR_bin.7.permissive_final	0.97	NA
Erebus-TR_bin.8.permissive_final	0.97	NA
Erebus-TR_bin.9.permissive_final	0.97	NA
Erebus-WC_bin.12.permissive_final	0.96	SRR23086377
Erebus-WC_bin.13.orig_final	0.97	NA
Erebus-WC_bin.14.orig_final	0.97	NA
Erebus-WC_bin.15.strict_final	0.97	NA
Erebus-WC_bin.16.permissive_final	0.95	SRR24677593
Erebus-WC_bin.19.orig_final	0.97	NA
Erebus-WC_bin.2.strict_final	0.96	SRR24079472
Erebus-WC_bin.20.strict_final	0.97	NA
Erebus-WC_bin.21.strict_final	0.97	NA
Erebus-WC_bin.23.strict_final	0.97	NA
Erebus-WC_bin.24.orig_final	0.97	NA
Erebus-WC_bin.25.orig_final	0.97	NA
Erebus-WC_bin.26.orig_final	0.97	NA
Erebus-WC_bin.27.orig_final	0.97	NA
Erebus-WC_bin.28.permissive_final	0.97	NA
Erebus-WC_bin.29.strict_final	0.97	NA
Erebus-WC_bin.30.orig_final	0.97	NA
Erebus-WC_bin.31.orig_final	0.97	NA
Erebus-WC_bin.32.strict_final	0.97	NA
Erebus-WC_bin.33.strict_final	0.97	NA
Erebus-WC_bin.35.orig_final	0.97	NA
Erebus-WC_bin.36.permissive_final	0.97	NA
Erebus-WC_bin.37.strict_final	0.97	NA
Erebus-WC_bin.38.permissive_final	0.97	NA
Erebus-WC_bin.43.strict_final	0.97	NA
Erebus-WC_bin.46.orig_final	0.97	NA
Erebus-WC_bin.47.orig_final	0.96	PRJNA374886
Erebus-WC_bin.49.orig_final	0.96	SRR13697452
Erebus-WC_bin.5.orig_final	0.97	NA
Erebus-WC_bin.55.permissive_final	0.97	NA
Erebus-WC_bin.57.orig_final	0.97	NA
Erebus-WC_bin.59.orig_final	0.96	SRR28085320
Erebus-WC_bin.6.orig_final	0.96	SRR1531569
Erebus-WC_bin.60.permissive_final	0.97	NA
Erebus-WC_bin.7.strict_final	0.96	SRR30649432
Erebus-WC_bin.8.strict_final	0.97	NA
Erebus-WC_bin.9.orig_final	0.96	SRR6519259
Mel_bin.1.orig_final	0.97	NA
Mel_bin.10.orig_final	0.97	NA
Mel_bin.11.strict_final	0.97	NA
Mel_bin.13.orig_final	0.97	NA
Mel_bin.14.orig_final	0.97	NA
Mel_bin.15.permissive_final	0.97	NA
Mel_bin.16.orig_final	0.96	SRR10363853
Mel_bin.17.orig_final	0.97	NA
Mel_bin.18.orig_final	0.97	NA
Mel_bin.19.orig_final	0.97	NA
Mel_bin.2.strict_final	0.97	NA
Mel_bin.20.orig_final	0.97	NA
Mel_bin.21.strict_final	0.96	ERR6412196
Mel_bin.22.strict_final	0.97	NA
Mel_bin.23.orig_final	0.97	NA
Mel_bin.24.orig_final	0.97	NA
Mel_bin.25.orig_final	0.97	NA
Mel_bin.26.orig_final	0.97	NA
Mel_bin.27.orig_final	0.97	NA
Mel_bin.28.orig_final	0.96	SRR11727984
Mel_bin.29.orig_final	0.97	NA
Mel_bin.3.permissive_final	0.97	NA
Mel_bin.30.orig_final	0.97	NA
Mel_bin.31.orig_final	0.97	NA
Mel_bin.32.strict_final	0.97	NA
Mel_bin.33.orig_final	0.96	SRR490139
Mel_bin.34.strict_final	0.96	ERR1742252
Mel_bin.35.orig_final	0.97	NA
Mel_bin.36.orig_final	0.97	NA
Mel_bin.37.strict_final	0.96	SRR23086377
Mel_bin.38.permissive_final	0.97	NA
Mel_bin.39.orig_final	0.97	NA
Mel_bin.4.strict_final	0.97	NA
Mel_bin.40.permissive_final	0.98	SRR24605841
Mel_bin.41.orig_final	0.97	NA
Mel_bin.42.orig_final	0.97	NA
Mel_bin.5.orig_final	0.96	SRR28401742
Mel_bin.6.orig_final	0.97	NA
Mel_bin.7.orig_final	0.97	NA
Mel_bin.8.permissive_final	0.97	NA
Mel_bin.9.orig_final	0.97	NA
Ritt_bin.1.strict_final	0.97	NA
Ritt_bin.10.strict_final	0.97	NA
Ritt_bin.11.strict_final	0.97	NA
Ritt_bin.13.permissive_final	0.97	NA
Ritt_bin.15.permissive_final	0.97	NA
Ritt_bin.3.strict_final	0.96	SRR15532682
Ritt_bin.4.orig_final	0.96	SRR20140223
Ritt_bin.5.strict_final	0.96	ERR6412196
Ritt_bin.6.strict_final	0.97	NA
Ritt_bin.8.strict_final	0.97	NA
Ritt_bin.9.permissive_final	0.97	NA
