"MAG","Completeness","Contamination","Coding_Density","Contig_N50","Average_Gene_Length","GC_Content","Total_Coding_Sequences","Domain","Phylum","Class","Order","Family","Genus","Species","oxygen","ph_optimum","salinity_optimum","ph_range","temp_range","salinity_range","num_caz","unique_caz","growth_rate","unique_path","ogt2","Genome_Size","dist","Site","num_locations"
"F8-11-22_bin.13",99.77,0,0.894,177591,351.686948297604,0.55,3172,"Bacteria","Armatimonadota","Chthonomonadetes","Chthonomonadales","Chthonomonadaceae","Chthonomonas","","not tolerant",5.29379440880031,0.236048374521554,3.30077668224041,20.9946909679981,0,33.3907997352565,28.3153981754975,12.8467521456027,6,53.195830755043,3.74354615615917,"F8 cosm","F8",4
"F8-11-22_bin.30",95.06,5.14,0.862,15801,321.397739166841,0.69,4777,"Bacteria","Chloroflexota","Chloroflexia","Chloroflexales","Roseiflexaceae","","","tolerant",7.58711549087623,0,4.53017593659025,21.2107973809438,0,24.4222847943231,19.4308689239505,8.44525479601863,4,48.5728699890435,5.6096307595203,"F8 cosm","F8",206
"F8-12-22_bin.19",93.64,1.4,0.878,34184,290.250918442322,0.43,2722,"Bacteria","Desulfobacterota_D","UBA1144","UBA2774","CSP1-2","","","not tolerant",6.40905042725938,0.681247610310932,3.0933542878557,17.5727387700052,0.459837882252216,12.5082001763223,9.38115013224176,14.9555180422154,7,56.4356519430777,2.87811191798377,"F8 cosm","F8",3
"F8-12-22_bin.20",93.84,0.89,0.888,13267,327.535197368421,0.6,3040,"Bacteria","Acidobacteriota","Blastocatellia","Pyrinomonadales","Pyrinomonadaceae","Pyrinomonas","Pyrinomonas methylaliphatogenes","not tolerant",7.3690955333743,2.66545216723875,3.58894892828044,21.9364778422424,1.83792786129501,26.5330036004144,23.4607610782612,9.5122181379354,6,54.2640382831072,3.58044650468883,"F8 cosm","F8",11
"F8-12-22_bin.22",85.94,1.55,0.888,7671,279.517978620019,0.67,3087,"Bacteria","Chloroflexota","Dehalococcoidia","CAUJGQ01","CAUJGQ01","","","not tolerant",5.4084505192742,0,3.32365114826289,20.5850040861688,0,5.61015783314585,5.31488636824344,7.29257958525674,4,53.0227702394517,3.38671398650221,"F8 cosm","F8",51
"F8-12-22_bin.26",94.88,0.3,0.932,246653,350.791880781089,0.65,1946,"Bacteria","Acidobacteriota","Terriglobia","Acidoferrales","UBA7541","","","not tolerant",6.17222941679389,0.337051851878077,2.98697574281178,21.4428175565047,0,10.8150843982377,9.08467089451964,6.77380560949396,6,56.5574256595858,2.31158621416526,"endemic","F8",0
"F8-12-22_bin.5",95.02,3.62,0.808,36997,337.218116805721,0.62,4195,"Bacteria","Chloroflexota","Ktedonobacteria","Ktedonobacterales","Ktedonobacteraceae","Thermogemmatispora","","not tolerant",6.29159056787298,0.176069161563789,3.62135878622237,18.4385249486807,0,21.0272170746271,17.7643730458056,12.5983048304851,7,51.3056563290065,5.51665965059987,"F8 cosm","F8",3
"F8-13-22_bin.10",90.4,2.12,0.894,11170,288.355662361069,0.68,3329,"Bacteria","Chloroflexota","Dehalococcoidia","CAUJGQ01","CAUJGQ01","","","not tolerant",5.40277637988097,0,3.41197483527565,20.9177817991408,0,6.46080264099913,6.17989817834699,6.98578380883483,5,53.0264285145213,3.55992920353982,"F8 cosm","F8",93
"F8-14-22_bin.11",96.41,0.3,0.89,15343,259.492275280899,0.35,2848,"Archaea","Thermoproteota","Thermoprotei_A","Sulfolobales","Sulfolobaceae","Saccharolobus","Saccharolobus shibatae","not tolerant",3.16533306570478,0,2.2427488050851,24.9658445131521,0,19.8477143426883,17.123518256437,8.30243256169722,7,76.7256595386154,2.56956539778031,"F8 cosm","F8",13
"F8-14-22_bin.18",90,5.61,0.887,12863,290.865893146249,0.7,3706,"Bacteria","Chloroflexota","Dehalococcoidia","CAUJGQ01","CAUJGQ01","","","not tolerant",6.93015514339381,0.125641664670654,3.6893219138822,23.0871550392236,1.01226302300494,5.43821582575737,4.94383256887033,7.66174349058394,5,61.1534846758996,4.04544444444444,"F8 cosm","F8",154
"F8-14-22_bin.23",95.9,0.24,0.908,38447,301.253234750462,0.65,3246,"Bacteria","Deinococcota","Deinococci","Deinococcales","Thermaceae","Allomeiothermus","Allomeiothermus sp003226535","tolerant",7.37134639944648,0,4.53528735337299,24.5542842733332,2.76069880663475,17.55906061617,12.7972814660222,6.32573296249704,6,54.2296421548771,3.36008863399374,"F8 cosm","F8",4
"F8-14-22_bin.3",98.05,5.35,0.926,24273,308.361424541608,0.67,2836,"Bacteria","Chloroflexota","Dehalococcoidia","JAUQQI01","JAUQQI01","JAUQQI01","","not tolerant",6.78229855164439,0,3.54225361694807,22.1252464704874,0,13.2103126879134,10.4291942273001,7.86331405748117,10,64.6946753158009,2.87654054054054,"F8 cosm","F8",18
"F8-14-22_bin.8",94.7,2.6,0.914,85066,344.382093761015,0.58,2837,"Bacteria","Armatimonadota","HRBIN17","HRBIN17","HRBIN17","Fervidibacter","Fervidibacter sp002898575","not tolerant",7.23268368879499,1.17747753625342,3.94324258601761,21.8470756639411,0,20.7112885739548,20.4154130228983,9.2955799477784,5,61.4854216271814,3.37979936642027,"F8 cosm","F8",14
"F8-14-22_bin.9",99.99,1.58,0.864,52005,309.551764025448,0.68,3458,"Bacteria","Chloroflexota","Chloroflexia","Thermomicrobiales","Thermomicrobiaceae","Thermalbibacter","","not tolerant",7.85196757065895,1.94315188145346,3.70251198045144,22.6378008500686,4.00392863251572,18.6075570419116,14.5624359458439,7.83749058398509,8,65.8759413459902,3.70817081708171,"F8 cosm","F8",68
"F8-8-22_bin.5",92.73,3.72,0.893,12962,287.487990270599,0.68,3289,"Bacteria","Chloroflexota","Dehalococcoidia","CAUJGQ01","CAUJGQ01","","","not tolerant",5.53067963842063,0,3.35649266011226,21.3673858875416,0,6.72057732702026,6.42837831280199,6.83332250395473,5,51.8699203836939,3.42232502965599,"F8 cosm","F8",134
"F8-8-22_bin.9",100,0.1,0.931,191827,343.282577565632,0.66,2095,"Bacteria","Acidobacteriota","Terriglobia","Acidoferrales","UBA7541","","","not tolerant",6.18316362748693,0.768833734562221,2.83898408343932,21.6335923728075,0,11.6850590939405,9.95393922817155,6.02708370647043,6,58.2069743931785,2.310643,"F8 cosm","F8",23
"F8-9-22_bin.1",91.83,2.22,0.816,63709,334.702933702934,0.6,4329,"Bacteria","Chloroflexota","Ktedonobacteria","Ktedonobacterales","Ktedonobacteraceae","Thermogemmatispora","","not tolerant",6.34888525941885,0.599185553668119,3.46975834564605,17.4784708369488,0.368088449072546,21.0748586890437,17.6199638219873,12.7464642710589,7,51.9894852111292,5.78888816290972,"F8 cosm","F8",3
"F8-9-22_bin.3",93.78,0.36,0.906,24569,296.025711347275,0.63,2917,"Bacteria","Deinococcota","Deinococci","Deinococcales","Thermaceae","Allomeiothermus","Allomeiothermus silvanus","tolerant",7.30874171897303,0,4.59182571106667,23.8716020165759,0.662525329722984,19.7199506265258,14.4612971261189,7.61932366832148,8,53.4054885388309,3.04260396673065,"F8 cosm","F8",42
"F8-9-22_bin.4",91.27,12.38,0.865,7375,294.475881792183,0.68,5245,"Bacteria","Chloroflexota","UBA2235","UBA12225","UBA12225","","","tolerant",6.33241629482638,0.823073075195717,4.02359351237451,24.0744090312029,0.258470364445974,10.9246942924809,8.87631411264071,8.41953298217669,4,54.761311198133,5.85828749863044,"F8 cosm","F8",35
