MAG,Site binned from,Site presence category: Number and names of sites,Number of sites present at,Domain,Phylum,Class,Order,Family,Genus,Species,Completeness (%),Contamination (%),Strain heterogeneity (%),N50 of contigs (bp),Mean contig length (bp),Contigs per MAG,Median abundance,Stdev of abundance,GC (%),Coding density (%),Genome size (Mbp),Predicted OGT (?),Predicted maximal growth rate (d),Dropped during dereplication?
Erebus-TR_bin.1.orig_final,Erebus-TR,Active only: 1-Erebus-TR,1,Bacteria,CSP1-3,CSP1-3,CSP1-3,HRBIN32,HRBIN32,,93.52,1.11,0,19125,11987.15,162,1.65E-04,5.59E-03,0.702,0.924,2.219846022,68.79,6.16,FALSE
Erebus-TR_bin.10.permissive_final,Erebus-TR,Active only: 1-Erebus-TR,1,Bacteria,Armatimonadota,Fimbriimonadia,Fimbriimonadales,ATM1,J051,,91.82,1.11,0,33540,14817.91,139,1.30E-05,3.53E-03,0.612,0.92,2.446090176,43.4,13.63,FALSE
Erebus-TR_bin.11.strict_final,Erebus-TR,Active only: 1-Erebus-TR,1,Bacteria,Bacteroidota,UBA10030,UBA10030,UBA6906,,,88.52,1.09,0,138611,77301.07,42,1.67E-05,2.51E-02,0.552,0.905,4.14369634,35.47,9.51,FALSE
Erebus-TR_bin.12.permissive_final,Erebus-TR,Active only: 2-Erebus-TR..Rittmann,2,Bacteria,Deinococcota,Deinococci,Deinococcales,Thermaceae,Thermus_A,,91.67,0.42,0,27883,13179.34,129,2.26E-04,3.96E-03,0.652,0.935,2.024653649,66.95,5.84,FALSE
Erebus-TR_bin.13.strict_final,Erebus-TR,Active only: 1-Erebus-TR,1,Bacteria,Cyanobacteria,Cyanobacteriia,Cyanobacteriales,Nostocaceae,Fischerella,Fischerella muscicola,96.87,0.44,0,13768,8686.47,693,5.75E-05,3.14E-02,0.412,0.784,6.416847321,25.9,11.78,FALSE
Erebus-TR_bin.14.permissive_final,Erebus-TR,Active only: 1-Erebus-TR,1,Bacteria,Bacteroidota,Bacteroidia,Chitinophagales,Chitinophagaceae,Flavisolibacter,,94.33,0.49,0,54093,24909.45,111,2.67E-05,6.30E-03,0.394,0.883,3.109297148,30.74,3.92,FALSE
Erebus-TR_bin.15.permissive_final,Erebus-TR,Both: 2-Erebus-TR..Erebus-WC,2,Bacteria,Actinobacteriota,Thermoleophilia,Gaiellales,Gaiellaceae,PALSA-612,,88.51,1.72,0,7618,4383.6,474,7.45E-05,3.25E-03,0.697,0.889,2.661846119,57.81,6.59,FALSE
Erebus-TR_bin.16.strict_final,Erebus-TR,Active only: 1-Erebus-TR,1,Bacteria,Bacteroidota,Bacteroidia,Chitinophagales,Chitinophagaceae,UTBCD1,,93.84,0.49,0,154049,64137.88,41,1.28E-06,7.75E-03,0.402,0.887,2.986999147,34.91,6.87,FALSE
Erebus-TR_bin.17.permissive_final,Erebus-TR,NA,3,Bacteria,Cyanobacteria,Cyanobacteriia,Leptolyngbyales,Leptolyngbyaceae,Leptolyngbya,,97.88,0.24,0,34112,17457.23,261,7.34E-04,9.66E-03,0.472,0.873,4.756845116,21.86,10.38,TRUE
Erebus-TR_bin.18.strict_final,Erebus-TR,Both: 2-Erebus-TR..Erebus-WC,2,Bacteria,Actinobacteriota,Acidimicrobiia,ATN3,,,,95.73,1.28,0,160246,68319.14,28,5.65E-05,5.74E-03,0.552,0.913,2.087120025,41.67,21.66,FALSE
Erebus-TR_bin.19.strict_final,Erebus-TR,Active only: 1-Erebus-TR,1,Bacteria,Deinococcota,Deinococci,Deinococcales,Thermaceae,Meiothermus,,96.99,2.14,0,29822,15633.06,233,2.44E-04,1.67E-02,0.615,0.859,3.875657284,36.62,5.99,FALSE
Erebus-TR_bin.2.permissive_final,Erebus-TR,NA,3,Bacteria,Chloroflexota,Dehalococcoidia,SpSt-223,SpSt-223,SpSt-223,,94.22,0,0,42774,17436.07,149,1.43E-02,3.40E-02,0.653,0.921,2.928253025,66.29,10.63,TRUE
Erebus-TR_bin.20.strict_final,Erebus-TR,Active only: 1-Erebus-TR,1,Bacteria,Acidobacteriota,Blastocatellia,Pyrinomonadales,Pyrinomonadaceae,OLB17,,96.58,2.14,0,167352,71867.16,38,3.95E-05,1.35E-02,0.509,0.903,2.928142473,33.07,12.27,FALSE
Erebus-TR_bin.21.strict_final,Erebus-TR,Active only: 1-Erebus-TR,1,Bacteria,Planctomycetota,Planctomycetia,Gemmatales,HRBIN36,,,96.59,0,0,188449,73321.9,50,1.14E-04,1.85E-02,0.601,0.874,3.941401801,47.39,13.77,FALSE
Erebus-TR_bin.22.permissive_final,Erebus-TR,Active only: 1-Erebus-TR,1,Bacteria,Chloroflexota,Anaerolineae,DSLN01,DSLN01,DSLN01,,87.58,0,0,27337,13809.4,220,3.67E-05,6.38E-03,0.638,0.89,3.966659055,62.46,10.41,FALSE
Erebus-TR_bin.23.permissive_final,Erebus-TR,Both: 4-All sites,4,Archaea,Thermoproteota,Nitrososphaeria,,,,,95.39,1.94,0,111799,37480.23,35,2.12E-02,3.23E-01,0.626,0.892,1.498060593,64.33,18.83,FALSE
Erebus-TR_bin.3.permissive_final,Erebus-TR,NA,2,Bacteria,Chloroflexota,Anaerolineae,Thermoflexales,Thermoflexaceae,Thermoflexus,,94.55,0.91,0,14803,8124.5,287,3.89E-05,5.32E-03,0.695,0.898,2.611316764,70.23,5.78,TRUE
Erebus-TR_bin.4.strict_final,Erebus-TR,Active only: 2-Erebus-TR..Rittmann,2,Bacteria,Deinococcota,Deinococci,Deinococcales,Thermaceae,Calidithermus,Calidithermus chliarophilus,84.33,0.43,0,10935,6224.42,456,1.37E-04,1.19E-02,0.686,0.853,3.998577019,50.17,2.68,FALSE
Erebus-TR_bin.5.permissive_final,Erebus-TR,Active only: 1-Erebus-TR,1,Bacteria,Armatimonadota,Fimbriimonadia,Fimbriimonadales,GBS-DC,LDYB01,,95.83,0,0,10045,4927.43,525,2.62E-04,7.22E-03,0.578,0.893,2.823750391,56.08,11.64,FALSE
Erebus-TR_bin.6.strict_final,Erebus-TR,NA,3,Bacteria,Acidobacteriota,Blastocatellia,Pyrinomonadales,Pyrinomonadaceae,Pyrinomonas,,94.02,2.56,0,58511,34831.46,98,9.65E-05,2.23E-02,0.601,0.846,3.863007871,55.5,12.77,TRUE
Erebus-TR_bin.7.permissive_final,Erebus-TR,Active only: 2-Erebus-TR..Rittmann,2,Bacteria,Deinococcota,Deinococci,Deinococcales,Thermaceae,Meiothermus_B,,93.56,0,0,34060,14116.74,176,5.68E-04,3.12E-02,0.664,0.917,2.839888841,52.43,4.54,FALSE
Erebus-TR_bin.8.permissive_final,Erebus-TR,Active only: 2-Erebus-TR..Rittmann,2,Bacteria,Armatimonadota,HRBIN16,HRBIN16,HRBIN16,HRBIN16,,96.21,0,0,83307,34950.39,92,5.61E-04,2.80E-02,0.606,0.914,3.474690781,58.01,15.08,FALSE
Erebus-TR_bin.9.permissive_final,Erebus-TR,Active only: 2-Erebus-TR..Rittmann,2,Bacteria,Armatimonadota,HRBIN17,HRBIN17,HRBIN17,HRBIN17,,90.74,0.19,0,77128,32660.73,80,3.94E-04,3.15E-02,0.562,0.923,3.17500551,56.21,11.6,FALSE
Erebus-WC_bin.1.orig_final,Erebus-WC,NA,2,Bacteria,Chloroflexota,Ktedonobacteria,Ktedonobacterales,JACDGC01,JACDGC01,,99.01,1.32,0,17319,12999.45,378,1.27E-03,4.69E-03,0.599,0.872,5.012624987,31.88,7.65,TRUE
Erebus-WC_bin.10.orig_final,Erebus-WC,NA,2,Bacteria,Acidobacteriota,Acidobacteriae,Acidoferrales,UBA7541,,,93.8,0.85,0,15692,11160.42,330,2.99E-04,1.86E-03,0.555,0.894,4.185501066,29.26,10.89,TRUE
Erebus-WC_bin.11.orig_final,Erebus-WC,NA,2,Bacteria,Planctomycetota,Planctomycetia,Gemmatales,Gemmataceae,,,94.89,1.31,33.33,18387,13595.12,720,7.15E-03,8.21E-03,0.625,0.866,10.87153546,35.87,11.31,TRUE
Erebus-WC_bin.12.permissive_final,Erebus-WC,Passive only: 2-Erebus-WC..Melbourne,2,Bacteria,CSP1-3,CSP1-3,CSP1-3,CSP1-3,JACQHU01,,92.96,4.07,0,88469,16486.2,215,1.06E-03,7.97E-03,0.682,0.924,4.1017642,51.56,7.08,FALSE
Erebus-WC_bin.13.orig_final,Erebus-WC,Both: 2-Erebus-WC..Rittmann,2,Bacteria,Actinobacteriota,Acidimicrobiia,Acidimicrobiales,JABEUL01,,,87.8,1.57,33.33,12419,8827.73,198,2.09E-04,2.67E-04,0.412,0.869,2.267653759,40.32,12.72,FALSE
Erebus-WC_bin.14.orig_final,Erebus-WC,Both: 2-Erebus-WC..Rittmann,2,Bacteria,Chloroflexota,FW602-bin22,FW602-bin22,CADDYW01,CADDYW01,,95.71,2.97,0,13213,9387.72,407,8.40E-04,1.04E-03,0.658,0.867,4.170933027,52.89,10.93,FALSE
Erebus-WC_bin.15.strict_final,Erebus-WC,Passive only: 2-Erebus-WC..Melbourne,2,Bacteria,Proteobacteria,Alphaproteobacteria,Rhizobiales,Xanthobacteraceae,VAZQ01,,95.76,1.16,0,19186,9442.36,542,1.15E-03,2.22E-03,0.64,0.866,5.58166249,37.89,11.14,FALSE
Erebus-WC_bin.16.permissive_final,Erebus-WC,Both: 2-Erebus-TR..Erebus-WC,2,Bacteria,Nitrospirota,Nitrospiria,Nitrospirales,Nitrospiraceae,,,95.85,2.73,0,51896,20859.41,170,6.24E-04,1.59E-03,0.563,0.855,3.860198226,39.69,13.79,FALSE
Erebus-WC_bin.17.orig_final,Erebus-WC,NA,2,Bacteria,Chloroflexota,Ktedonobacteria,Ktedonobacterales,Ktedonobacteraceae,CF-113,,86.3,2.97,0,23533,16929.86,307,1.89E-03,3.92E-03,0.569,0.869,6.979142526,41.09,15.13,TRUE
Erebus-WC_bin.18.strict_final,Erebus-WC,NA,3,Bacteria,Armatimonadota,Chthonomonadetes,Chthonomonadales,Chthonomonadaceae,Chthonomonas,,93.52,0,0,168594,65373.22,50,7.92E-04,3.91E-03,0.532,0.894,3.73716852,55.57,10.13,TRUE
Erebus-WC_bin.19.orig_final,Erebus-WC,Passive only: 2-Erebus-WC..Melbourne,2,Bacteria,Chloroflexota,Ktedonobacteria,Ktedonobacterales,Ktedonobacteraceae,,,96.7,1.98,0,14999,11443.82,433,2.85E-04,1.08E-03,0.465,0.833,5.298862461,28.79,10.11,FALSE
Erebus-WC_bin.2.strict_final,Erebus-WC,Both: 2-Erebus-TR..Erebus-WC,2,Bacteria,Chloroflexota,UBA2235,SpSt-225,SpSt-225,SpSt-225,,96.31,1.98,0,59859,27087.52,174,1.61E-03,2.08E-03,0.658,0.862,5.081507632,63.78,8.96,FALSE
Erebus-WC_bin.20.strict_final,Erebus-WC,Passive only: 1-Erebus-WC,1,Bacteria,Actinobacteriota,Acidimicrobiia,Acidimicrobiales,QHCF01,,,98.29,1.28,0,189275,42844.49,57,8.39E-05,1.38E-03,0.698,0.918,2.528232781,34.9,4.93,FALSE
Erebus-WC_bin.21.strict_final,Erebus-WC,Passive only: 2-Erebus-WC..Melbourne,2,Bacteria,Chloroflexota,Dehalococcoidia,DSGV01,DSGV01,,,93.4,2.97,0,12182,6347.58,871,1.93E-03,2.13E-03,0.699,0.856,6.338329764,40.04,5.3,FALSE
Erebus-WC_bin.22.strict_final,Erebus-WC,NA,3,Bacteria,Dormibacterota,Dormibacteria,Dormibacterales,Dormibacteraceae,,,98.15,0,0,122229,25173.48,101,3.12E-03,5.23E-03,0.685,0.923,2.639836984,49.77,8.31,TRUE
Erebus-WC_bin.23.strict_final,Erebus-WC,Both: 2-Erebus-WC..Rittmann,2,Bacteria,Proteobacteria,Alphaproteobacteria,Reyranellales,Reyranellaceae,Reyranella,,92.54,2.55,0,16878,8586.68,817,1.24E-03,2.23E-03,0.666,0.918,8.192133132,32.64,4.08,FALSE
Erebus-WC_bin.24.orig_final,Erebus-WC,Passive only: 1-Erebus-WC,1,Bacteria,Actinobacteriota,Thermoleophilia,Gaiellales,Gaiellaceae,PALSA-612,,94.97,1.29,50,16946,11155.53,255,9.87E-05,8.15E-04,0.715,0.923,3.153627461,39.27,3.88,FALSE
Erebus-WC_bin.25.orig_final,Erebus-WC,Passive only: 2-Erebus-WC..Melbourne,2,Bacteria,Chloroflexota,Anaerolineae,Aggregatilineales,UBA2796,,,99.8,2.02,0,18028,13301.77,448,8.42E-04,1.44E-03,0.557,0.889,5.982965932,32.69,8.15,FALSE
Erebus-WC_bin.26.orig_final,Erebus-WC,Passive only: 2-Erebus-WC..Melbourne,2,Bacteria,CSP1-3,CSP1-3,CSP1-3,NP-7,,,93.11,0,0,37596,25341.04,120,6.19E-04,1.78E-03,0.736,0.884,3.507679089,59.43,3.73,FALSE
Erebus-WC_bin.27.orig_final,Erebus-WC,Both: 3-Erebus-TR..Erebus-WC..Rittmann,3,Bacteria,Acidobacteriota,Blastocatellia,Pyrinomonadales,Pyrinomonadaceae,Pyrinomonas,,89.7,2.56,0,18287,11803.79,296,1.33E-03,2.04E-02,0.601,0.853,4.342251951,54.92,13.07,FALSE
Erebus-WC_bin.28.permissive_final,Erebus-WC,Passive only: 2-Erebus-WC..Melbourne,2,Bacteria,Actinobacteriota,Acidimicrobiia,Acidimicrobiales,RAAP-2,Bog-756,,92.31,1.28,0,30479,14687,210,4.95E-04,8.97E-04,0.701,0.891,3.619326184,34,5.96,FALSE
Erebus-WC_bin.29.strict_final,Erebus-WC,Passive only: 2-Erebus-WC..Melbourne,2,Bacteria,Proteobacteria,Alphaproteobacteria,Sphingomonadales,Sphingomonadaceae,,,94.76,1.3,0,14856,9306.97,278,2.62E-04,7.02E-04,0.663,0.914,2.880962431,27.73,11.11,FALSE
Erebus-WC_bin.3.orig_final,Erebus-WC,NA,2,Bacteria,CSP1-3,CSP1-3,CSP1-3,NP-7,NP-7,,92.59,1.11,0,35252,19654.64,168,9.04E-04,1.23E-02,0.677,0.899,3.851387839,50.08,10.06,TRUE
Erebus-WC_bin.30.orig_final,Erebus-WC,Both: 3-Erebus-TR..Erebus-WC..Rittmann,3,Bacteria,Chloroflexota,Dehalococcoidia,SpSt-223,SpSt-223,SpSt-223,,93.73,0,0,26642,18977.04,128,1.33E-02,3.30E-02,0.654,0.928,2.76538995,66.66,10.29,FALSE
Erebus-WC_bin.31.orig_final,Erebus-WC,Both: 3-Erebus-WC..Melbourne..Rittmann,3,Bacteria,Eremiobacterota,Eremiobacteria,Baltobacterales,Baltobacteraceae,Elarobacter,,97.22,0,0,60933,37165.27,89,1.22E-03,2.39E-03,0.689,0.933,3.499279984,34.55,6.36,FALSE
Erebus-WC_bin.32.strict_final,Erebus-WC,Both: 3-Erebus-WC..Melbourne..Rittmann,3,Bacteria,Acidobacteriota,Acidobacteriae,Bryobacterales,Bryobacteraceae,TMP-7,,98.84,0.87,0,95156,24748.98,249,2.32E-03,7.67E-03,0.614,0.911,6.308174828,34.12,9.99,FALSE
Erebus-WC_bin.33.strict_final,Erebus-WC,Passive only: 1-Erebus-WC,1,Bacteria,Eremiobacterota,Eremiobacteria,Eremiobacterales,Eremiobacteraceae,Eremiobacter,,98.15,0,0,254774,41432.9,59,8.98E-05,2.19E-03,0.636,0.927,2.537952114,33.06,6.72,FALSE
Erebus-WC_bin.34.orig_final,Erebus-WC,NA,2,Bacteria,Chloroflexota,Ktedonobacteria,Ktedonobacterales,Ktedonobacteraceae,DTNP01,,91.8,1.98,0,10362,8070.45,574,8.06E-05,1.18E-04,0.512,0.884,5.496732026,30.32,14.14,TRUE
Erebus-WC_bin.35.orig_final,Erebus-WC,Passive only: 2-Erebus-WC..Melbourne,2,Bacteria,Chloroflexota,Ktedonobacteria,Ktedonobacterales,Ktedonobacteraceae,CF-113,,99.67,4.62,14.29,44331,24542.02,247,4.35E-04,2.08E-02,0.538,0.872,6.102137052,38.72,15.15,FALSE
Erebus-WC_bin.36.permissive_final,Erebus-WC,Passive only: 1-Erebus-WC,1,Bacteria,Dormibacterota,Dormibacteria,UBA8260,UBA8260,,,93.06,0.93,0,31692,13732.2,173,1.14E-04,6.73E-04,0.715,0.917,2.744465936,45.12,9.69,FALSE
Erebus-WC_bin.37.strict_final,Erebus-WC,Passive only: 1-Erebus-WC,1,Bacteria,Chloroflexota,Anaerolineae,JACRMK01,JACRMK01,,,99.09,4.09,0,91346,30059.13,158,4.22E-04,1.93E-03,0.603,0.888,4.837016853,43.06,14.11,FALSE
Erebus-WC_bin.38.permissive_final,Erebus-WC,Passive only: 1-Erebus-WC,1,Bacteria,Acidobacteriota,Acidobacteriae,Acidobacteriales,Acidobacteriaceae,Edaphobacter,,77.08,1.71,0,12243,6837.72,518,4.51E-04,9.91E-04,0.619,0.876,5.962636222,23.33,40.82,FALSE
Erebus-WC_bin.39.orig_final,Erebus-WC,NA,3,Bacteria,Chloroflexota,Dehalococcoidia,DSGV01,DSGV01,DSGV01,,97.69,0.99,0,44981,29024.65,120,1.35E-04,2.81E-04,0.695,0.883,3.649298802,63.97,9.44,TRUE
Erebus-WC_bin.4.strict_final,Erebus-WC,NA,3,Bacteria,Dormibacterota,Dormibacteria,Dormibacterales,,,,99.07,0,0,261214,39369.81,69,3.78E-04,3.58E-04,0.689,0.909,2.768749369,38.56,7.09,TRUE
Erebus-WC_bin.40.orig_final,Erebus-WC,NA,2,Bacteria,Planctomycetota,Planctomycetia,Gemmatales,Gemmataceae,,,82.66,1.14,0,8365,6428.56,1286,3.15E-03,7.63E-03,0.69,0.864,12.09895959,37.13,3.67,TRUE
Erebus-WC_bin.41.orig_final,Erebus-WC,NA,2,Bacteria,Dormibacterota,Dormibacteria,Dormibacterales,Dormibacteraceae,,,91.94,1.95,0,8138,5948.47,622,2.44E-04,7.79E-04,0.686,0.902,4.376767457,34.9,9.66,TRUE
Erebus-WC_bin.42.permissive_final,Erebus-WC,NA,3,Bacteria,Deinococcota,Deinococci,Deinococcales,Thermaceae,Meiothermus,,96.58,1.28,0,33813,14265.95,255,2.83E-03,6.38E-03,0.634,0.858,3.900393456,40.68,6.24,TRUE
Erebus-WC_bin.43.strict_final,Erebus-WC,Both: 3-Erebus-WC..Melbourne..Rittmann,3,Bacteria,Chloroflexota,UBA5177,UBA5177,,,,98.02,2.97,0,26238,10401.18,688,2.81E-03,1.42E-02,0.663,0.868,7.448479902,41.73,10.94,FALSE
Erebus-WC_bin.44.strict_final,Erebus-WC,NA,3,Bacteria,CSP1-3,CSP1-3,CSP1-3,NP-7,,,85.65,2.04,0,82681,21187.41,140,2.79E-03,2.00E-02,0.698,0.893,4.043199066,64.36,4.77,TRUE
Erebus-WC_bin.45.orig_final,Erebus-WC,NA,3,Bacteria,Nitrospirota,Nitrospiria,Nitrospirales,Nitrospiraceae,,,96.76,3.18,0,68257,36266.84,95,5.07E-05,7.30E-05,0.607,0.884,3.680239768,40.56,9.69,TRUE
Erebus-WC_bin.46.orig_final,Erebus-WC,Both: 3-Erebus-WC..Melbourne..Rittmann,3,Bacteria,Cyanobacteria,Cyanobacteriia,Cyanobacteriales,Nostocaceae,Aetokthonos,,98.31,1.47,0,27698,18201.52,411,1.52E-03,1.51E-02,0.421,0.808,7.739802665,24.29,15.71,FALSE
Erebus-WC_bin.47.orig_final,Erebus-WC,Passive only: 2-Erebus-WC..Melbourne,2,Bacteria,Chloroflexota,,,,,,98.02,1.98,0,82062,43573.76,127,1.11E-03,2.71E-03,0.699,0.89,5.76004897,44.77,10.93,FALSE
Erebus-WC_bin.48.permissive_final,Erebus-WC,NA,2,Bacteria,Actinobacteriota,Acidimicrobiia,IMCC26256,IMCC26256,,,88.6,2.14,0,12421,7004.06,346,1.40E-04,5.21E-04,0.726,0.922,3.086907449,33.7,4.24,TRUE
Erebus-WC_bin.49.orig_final,Erebus-WC,Passive only: 1-Erebus-WC,1,Bacteria,Planctomycetota,Planctomycetia,Gemmatales,Gemmataceae,,,81.97,0,0,31237,23505.99,231,1.27E-04,3.50E-03,0.692,0.876,8.081005246,39.36,5.15,FALSE
Erebus-WC_bin.5.orig_final,Erebus-WC,Passive only: 1-Erebus-WC,1,Bacteria,Chloroflexota,Ktedonobacteria,Ktedonobacterales,,,,94.72,2.97,0,12916,8282.64,645,1.51E-04,6.87E-03,0.609,0.865,5.954391892,39.52,13.43,FALSE
Erebus-WC_bin.50.orig_final,Erebus-WC,NA,4,Bacteria,Gemmatimonadota,Gemmatimonadetes,Gemmatimonadales,GWC2-71-9,,,95.6,1.1,0,29004,17752.01,157,6.84E-05,3.26E-05,0.734,0.925,3.04916318,50.21,3.86,TRUE
Erebus-WC_bin.51.orig_final,Erebus-WC,NA,2,Bacteria,Chloroflexota,UBA4733,UBA4733,,,,94.06,1.98,0,17270,11423.21,550,2.75E-03,3.08E-03,0.705,0.872,7.101849883,42.95,7.75,TRUE
Erebus-WC_bin.52.orig_final,Erebus-WC,NA,3,Bacteria,Planctomycetota,Planctomycetia,Gemmatales,Gemmataceae,,,86.36,2.56,0,34511,22460.9,328,2.13E-03,1.09E-02,0.685,0.878,9.878415933,39.05,6.97,TRUE
Erebus-WC_bin.53.orig_final,Erebus-WC,NA,2,Bacteria,Actinobacteriota,Acidimicrobiia,IMCC26256,PALSA-555,,,94.87,1.38,33.33,44214,17313.99,258,1.98E-03,1.35E-02,0.694,0.916,4.963634447,33.76,4.91,TRUE
Erebus-WC_bin.54.orig_final,Erebus-WC,NA,3,Bacteria,Acidobacteriota,Acidobacteriae,Acidoferrales,UBA7541,,,94.02,1.71,0,63836,35359.52,107,8.74E-04,7.66E-03,0.607,0.877,4.279940438,29.68,8.13,TRUE
Erebus-WC_bin.55.permissive_final,Erebus-WC,Both: 2-Erebus-TR..Erebus-WC,2,Bacteria,Desulfobacterota_D,UBA1144,UBA2774,CSP1-2,CSP1-2,,97.48,2.52,0,81791,28475.47,103,2.00E-03,1.47E-03,0.437,0.871,3.086787033,59.17,13.96,FALSE
Erebus-WC_bin.56.orig_final,Erebus-WC,NA,2,Bacteria,Acidobacteriota,Acidobacteriae,Acidobacteriales,Koribacteraceae,,,100,0.85,0,326317,160011.26,27,5.45E-05,5.47E-05,0.597,0.879,4.32,31.01,8.31,TRUE
Erebus-WC_bin.57.orig_final,Erebus-WC,Passive only: 2-Erebus-WC..Melbourne,2,Bacteria,Acidobacteriota,UBA6911,JACOSC01,JACOSC01,JACOSC01,,81.71,3.42,0,5530,4738.43,1030,8.17E-04,1.12E-03,0.583,0.857,7.309998776,39.12,11.95,FALSE
Erebus-WC_bin.58.strict_final,Erebus-WC,NA,4,Archaea,Thermoproteota,Nitrososphaeria,,,,,82.04,0.97,0,621444,46361.84,25,1.95E-04,4.42E-04,0.641,0.937,1.72233057,63.11,12.9,TRUE
Erebus-WC_bin.59.orig_final,Erebus-WC,Passive only: 1-Erebus-WC,1,Archaea,Thermoproteota,Nitrososphaeria,Nitrososphaerales,Nitrososphaeraceae,Nitrososphaera,,83.43,3.4,0,2864,2529.71,1207,1.34E-04,3.55E-04,0.377,0.698,4.386911183,32.34,11.26,FALSE
Erebus-WC_bin.6.orig_final,Erebus-WC,Both: 3-Erebus-TR..Erebus-WC..Rittmann,3,Bacteria,Cyanobacteria,Cyanobacteriia,Leptolyngbyales,Leptolyngbyaceae,Leptolyngbya,,97.73,1.19,16.67,17443,12305.73,367,1.71E-03,9.18E-03,0.472,0.875,4.728333163,21.91,9.99,FALSE
Erebus-WC_bin.60.permissive_final,Erebus-WC,Both: 3-Erebus-TR..Erebus-WC..Rittmann,3,Archaea,Thermoproteota,Nitrososphaeria,Conexivisphaerales,DTJL01,,,98.06,0.97,0,888261,38371.64,44,1.16E-02,6.12E-02,0.452,0.882,1.757087497,55.77,9.62,FALSE
Erebus-WC_bin.7.strict_final,Erebus-WC,Both: 3-Erebus-WC..Melbourne..Rittmann,3,Archaea,Thermoproteota,Nitrososphaeria,Nitrososphaerales,Nitrososphaeraceae,,,99.03,1.94,0,150572,9284.2,330,2.75E-03,3.03E-03,0.513,0.844,3.124305766,31.29,11.43,FALSE
Erebus-WC_bin.8.strict_final,Erebus-WC,Passive only: 2-Erebus-WC..Melbourne,2,Bacteria,Proteobacteria,Gammaproteobacteria,Steroidobacterales,Steroidobacteraceae,13-2-20CM-66-19,,88.16,1.23,0,34807,10959.05,261,3.83E-04,9.40E-04,0.707,0.917,3.680807623,33.68,4.33,FALSE
Erebus-WC_bin.9.orig_final,Erebus-WC,Passive only: 1-Erebus-WC,1,Bacteria,Proteobacteria,Gammaproteobacteria,Xanthomonadales,Rhodanobacteraceae,66-474,,93.59,0.73,0,61572,36435.43,63,2.80E-04,8.81E-04,0.646,0.89,2.621006518,31.18,6.04,FALSE
Mel_bin.1.orig_final,Melbourne,Both: 3-Erebus-WC..Melbourne..Rittmann,3,Bacteria,Planctomycetota,Planctomycetia,Gemmatales,Gemmataceae,,,81.64,2.56,0,33259,18846.57,397,1.18E-02,1.44E-02,0.683,0.876,11.22611465,39.29,5.73,FALSE
Mel_bin.10.orig_final,Melbourne,Passive only: 1-Melbourne,1,Bacteria,Acidobacteriota,Acidobacteriae,Acidoferrales,UBA7541,,,92.95,0,0,113498,48346.79,87,1.34E-04,3.25E-03,0.562,0.89,4.868208714,27.44,9.68,FALSE
Mel_bin.11.strict_final,Melbourne,Passive only: 2-Erebus-WC..Melbourne,2,Bacteria,Planctomycetota,Planctomycetia,Gemmatales,Gemmataceae,,,87.5,1.14,0,25804,10121.47,739,1.38E-03,7.09E-03,0.614,0.86,9.770285714,32.97,9.21,FALSE
Mel_bin.12.orig_final,Melbourne,Passive only: 2-Erebus-WC..Melbourne,2,Bacteria,Actinobacteriota,Acidimicrobiia,IMCC26256,PALSA-555,PALSA-555,,98.99,1.28,0,116814,67603.06,49,2.80E-04,3.44E-03,0.71,0.912,3.380139408,31.79,4.47,FALSE
Mel_bin.13.orig_final,Melbourne,Passive only: 2-Erebus-WC..Melbourne,2,Bacteria,Planctomycetota,Planctomycetia,Gemmatales,Gemmataceae,,,92.3,1.14,0,39799,25835.87,316,1.88E-03,5.15E-03,0.664,0.904,9.582881907,35.36,8.57,FALSE
Mel_bin.14.orig_final,Melbourne,Passive only: 2-Erebus-WC..Melbourne,2,Bacteria,Chloroflexota,Ktedonobacteria,Ktedonobacterales,JACDGC01,JACDGC01,,83.34,2.48,66.67,4600,4053.1,1003,1.07E-03,3.71E-03,0.599,0.877,5.853131749,31.07,6.91,FALSE
Mel_bin.15.permissive_final,Melbourne,Passive only: 2-Erebus-WC..Melbourne,2,Bacteria,Actinobacteriota,Acidimicrobiia,IMCC26256,IMCC26256,,,90.6,1.28,0,79439,15440.27,164,5.51E-04,1.48E-03,0.727,0.923,3.084988962,33.4,4.25,FALSE
Mel_bin.16.orig_final,Melbourne,Passive only: 1-Melbourne,1,Bacteria,Proteobacteria,Alphaproteobacteria,Rhizobiales,Beijerinckiaceae,Methylocella,,89.98,1.88,20,15113,10837.36,250,4.85E-05,1.39E-03,0.587,0.874,3.346299178,26.16,13.32,FALSE
Mel_bin.17.orig_final,Melbourne,Both: 3-Erebus-WC..Melbourne..Rittmann,3,Bacteria,Deinococcota,Deinococci,Deinococcales,Thermaceae,Meiothermus,,98.29,0.85,0,18884,11819.16,301,2.43E-03,6.06E-03,0.635,0.864,3.681961542,40.03,6.36,FALSE
Mel_bin.18.orig_final,Melbourne,Passive only: 2-Erebus-WC..Melbourne,2,Bacteria,Planctomycetota,Planctomycetia,Isosphaerales,Isosphaeraceae,,,94.73,1.74,0,23728,15831.11,465,6.49E-04,4.60E-03,0.724,0.869,8.203314684,33.69,4.03,FALSE
Mel_bin.19.orig_final,Melbourne,Passive only: 1-Melbourne,1,Bacteria,Chloroflexota,Ktedonobacteria,Ktedonobacterales,JACDGC01,,,90.26,2.31,0,28543,18137.94,240,5.73E-05,2.86E-03,0.685,0.844,5.343452249,38.3,8.79,FALSE
Mel_bin.2.strict_final,Melbourne,Passive only: 2-Erebus-WC..Melbourne,2,Bacteria,Planctomycetota,Planctomycetia,Gemmatales,Gemmataceae,,,90.34,2.79,28.57,41100,10389.91,1033,2.88E-03,3.77E-02,0.621,0.884,13.15253487,35.52,10.11,FALSE
Mel_bin.20.orig_final,Melbourne,Passive only: 2-Erebus-WC..Melbourne,2,Bacteria,Chloroflexota,Ktedonobacteria,Ktedonobacterales,Ktedonobacteraceae,CF-113,,97.19,3.96,0,29527,18984.78,273,1.94E-03,3.87E-03,0.568,0.867,5.48719004,41.21,14.44,FALSE
Mel_bin.21.strict_final,Melbourne,Both: 3-Erebus-WC..Melbourne..Rittmann,3,Bacteria,Dormibacterota,Dormibacteria,Dormibacterales,Dormibacteraceae,,,98.15,0,0,70939,18656.93,127,2.43E-04,2.79E-04,0.688,0.927,2.459500764,50,7.55,FALSE
Mel_bin.22.strict_final,Melbourne,Passive only: 1-Melbourne,1,Bacteria,Planctomycetota,Planctomycetia,Gemmatales,Gemmataceae,Fimbriiglobus,,82.09,3.49,0,7860,4203.27,1468,1.88E-04,2.67E-03,0.697,0.886,9.15945913,32.17,2.92,FALSE
Mel_bin.23.orig_final,Melbourne,Passive only: 1-Melbourne,1,Bacteria,Proteobacteria,Gammaproteobacteria,Burkholderiales,Burkholderiaceae,Derxia,,90.14,0.47,0,8324,5983.73,455,2.41E-05,6.71E-04,0.608,0.938,3.350343909,27.04,8.22,FALSE
Mel_bin.24.orig_final,Melbourne,Both: 3-Erebus-WC..Melbourne..Rittmann,3,Bacteria,Acidobacteriota,Acidobacteriae,Acidoferrales,UBA7541,,,94.02,1.71,0,51507,30052.7,126,5.73E-03,7.15E-03,0.607,0.876,4.283131249,29.8,8.23,FALSE
Mel_bin.25.orig_final,Melbourne,Passive only: 2-Erebus-WC..Melbourne,2,Bacteria,Planctomycetota,Planctomycetia,Gemmatales,Gemmataceae,,,77.96,1.14,0,11340,8175.83,994,3.07E-03,7.39E-03,0.691,0.865,13.37095947,37.21,4.48,FALSE
Mel_bin.26.orig_final,Melbourne,Passive only: 2-Erebus-WC..Melbourne,2,Bacteria,Proteobacteria,Gammaproteobacteria,Steroidobacterales,Steroidobacteraceae,13-2-20CM-66-19,,94.75,1.54,0,29632,19431.34,153,2.39E-03,8.00E-03,0.709,0.926,3.311873351,34.99,4.39,FALSE
Mel_bin.27.orig_final,Melbourne,Passive only: 2-Erebus-WC..Melbourne,2,Bacteria,Chloroflexota,Ktedonobacteria,Ktedonobacterales,Ktedonobacteraceae,DTNP01,,99.17,3.96,0,30726,20543.56,269,1.92E-03,4.28E-03,0.512,0.879,5.618634668,30.1,13.99,FALSE
Mel_bin.28.orig_final,Melbourne,Passive only: 1-Melbourne,2,Bacteria,Proteobacteria,Alphaproteobacteria,Rhizobiales,Beijerinckiaceae,Methylocella,,91.8,0.63,50,9436,6797.63,442,1.64E-04,2.51E-03,0.597,0.841,3.565359477,29.92,10.97,FALSE
Mel_bin.29.orig_final,Melbourne,Passive only: 2-Erebus-WC..Melbourne,2,Bacteria,Proteobacteria,Alphaproteobacteria,Rhizobiales,Hyphomicrobiaceae,Hyphomicrobium_A,,91.17,1.01,0,36617,20205.87,141,1.91E-04,2.45E-03,0.66,0.864,3.427662608,34,8.09,FALSE
Mel_bin.3.permissive_final,Melbourne,Both: 4-All sites,4,Bacteria,Gemmatimonadota,Gemmatimonadetes,Gemmatimonadales,GWC2-71-9,,,96.7,1.65,0,101136,12566.43,236,1.86E-03,3.66E-03,0.73,0.912,3.172699069,50.12,4.01,FALSE
Mel_bin.30.orig_final,Melbourne,Passive only: 1-Melbourne,1,Bacteria,Acidobacteriota,Thermoanaerobaculia,UBA5066,Gp7-AA6,Gp7-AA6,,97.01,0.85,0,37075,18617.89,208,4.46E-05,4.27E-03,0.663,0.908,4.115039687,36.2,8.13,FALSE
Mel_bin.31.orig_final,Melbourne,Passive only: 1-Melbourne,1,Bacteria,Gemmatimonadota,Gemmatimonadetes,Gemmatimonadales,Gemmatimonadaceae,Fen-1231,,89.01,2.75,33.33,35424,20651.3,165,1.05E-05,1.27E-03,0.658,0.929,4.300640377,25.47,6.37,FALSE
Mel_bin.32.strict_final,Melbourne,Both: 3-Erebus-WC..Melbourne..Rittmann,3,Bacteria,Dormibacterota,Dormibacteria,Dormibacterales,,,,99.07,0,0,251654,24499.98,113,9.09E-03,1.70E-02,0.689,0.909,2.821237509,38.61,7.27,FALSE
Mel_bin.33.orig_final,Melbourne,Passive only: 2-Erebus-WC..Melbourne,2,Bacteria,Dormibacterota,Dormibacteria,Dormibacterales,Dormibacteraceae,,,99.07,0.1,0,23204,11695.68,319,1.17E-03,2.88E-03,0.689,0.915,3.801352579,34.15,9.1,FALSE
Mel_bin.34.strict_final,Melbourne,Passive only: 2-Erebus-WC..Melbourne,2,Bacteria,Cyanobacteria,Cyanobacteriia,Cyanobacteriales,Nostocaceae,Tolypothrix_B,,95.42,0.72,0,22712,10597.64,565,2.93E-04,2.93E-03,0.425,0.784,6.577237476,23.56,12.3,FALSE
Mel_bin.35.orig_final,Melbourne,Passive only: 1-Melbourne,1,Bacteria,Planctomycetota,Planctomycetia,Gemmatales,Gemmataceae,,,88.64,0,0,11895,9034.05,769,3.81E-04,1.99E-02,0.612,0.887,8.842509025,33.88,8.58,FALSE
Mel_bin.36.orig_final,Melbourne,Passive only: 2-Erebus-WC..Melbourne,2,Bacteria,Chloroflexota,Ktedonobacteria,Ktedonobacterales,JACDGC01,JACDGC01,,97.03,0.99,0,15710,10957.84,384,6.58E-04,1.86E-03,0.611,0.857,4.469751623,32.55,7.09,FALSE
Mel_bin.37.strict_final,Melbourne,Passive only: 2-Erebus-WC..Melbourne,2,Bacteria,Dormibacterota,Dormibacteria,Dormibacterales,Dormibacteraceae,40CM-4-65-16,,97.69,0.93,0,87735,15116.05,212,6.19E-04,1.34E-02,0.673,0.913,3.358583274,37.53,5.64,FALSE
Mel_bin.38.permissive_final,Melbourne,Passive only: 1-Melbourne,1,Bacteria,Planctomycetota,Planctomycetia,Isosphaerales,Isosphaeraceae,,,97.29,0.58,0,47812,12453.79,635,4.11E-04,6.19E-03,0.65,0.857,8.356460068,28.21,6.37,FALSE
Mel_bin.39.orig_final,Melbourne,Passive only: 2-Erebus-WC..Melbourne,2,Bacteria,Actinobacteriota,Acidimicrobiia,IMCC26256,PALSA-555,,,97.44,1.28,0,55130,28615.97,147,1.84E-03,1.35E-02,0.695,0.917,4.430418719,34.25,4.97,FALSE
Mel_bin.4.strict_final,Melbourne,Passive only: 2-Erebus-WC..Melbourne,2,Bacteria,CSP1-3,CSP1-3,CSP1-3,NP-7,NP-7,,94.44,0.93,0,44826,12808.84,258,1.34E-02,1.55E-02,0.675,0.891,3.706056756,50.26,9.76,FALSE
Mel_bin.40.permissive_final,Melbourne,Passive only: 1-Melbourne,1,Bacteria,Acidobacteriota,Acidobacteriae,Acidoferrales,UBA7541,Acidoferrum,,89.03,1.71,0,21731,10436.66,415,3.18E-04,2.13E-03,0.57,0.878,5.465573402,26.39,12.44,FALSE
Mel_bin.41.orig_final,Melbourne,Passive only: 2-Erebus-WC..Melbourne,2,Bacteria,Planctomycetota,Planctomycetia,Gemmatales,Gemmataceae,,,92.61,1.2,0,15716,12126.09,764,6.69E-03,7.84E-03,0.626,0.868,10.80228917,36.32,10.85,FALSE
Mel_bin.42.orig_final,Melbourne,Passive only: 1-Melbourne,1,Bacteria,Eremiobacterota,Eremiobacteria,Baltobacterales,Baltobacteraceae,Palsa-1515,,96.91,0.93,0,22097,11645.89,265,2.72E-05,1.08E-03,0.648,0.936,3.286554535,31.3,4.71,FALSE
Mel_bin.5.orig_final,Melbourne,Passive only: 2-Erebus-WC..Melbourne,2,Bacteria,Acidobacteriota,Acidobacteriae,Bryobacterales,Bryobacteraceae,Bog-159,,83.94,0.88,0,13862,10660.36,793,9.88E-04,2.53E-03,0.597,0.91,11.99785561,28.78,12.49,FALSE
Mel_bin.6.orig_final,Melbourne,Passive only: 2-Erebus-WC..Melbourne,2,Bacteria,Acidobacteriota,Acidobacteriae,Acidobacteriales,Koribacteraceae,,,100,0.85,0,458535,155527.79,28,5.01E-03,9.08E-03,0.597,0.879,4.355,31,8.29,FALSE
Mel_bin.7.orig_final,Melbourne,Passive only: 2-Erebus-WC..Melbourne,2,Bacteria,Acidobacteriota,Acidobacteriae,Acidoferrales,UBA7541,,,92.09,0.85,0,16319,11337.48,325,2.10E-03,4.47E-03,0.554,0.894,4.34466283,29.45,10.74,FALSE
Mel_bin.8.permissive_final,Melbourne,Passive only: 2-Erebus-WC..Melbourne,2,Bacteria,Chloroflexota,Anaerolineae,Aggregatilineales,UBA2796,,,89.09,2.73,0,20386,11162.78,654,1.87E-04,3.06E-03,0.525,0.877,9.199685711,27.46,9.85,FALSE
Mel_bin.9.orig_final,Melbourne,Passive only: 2-Erebus-WC..Melbourne,2,Bacteria,Chloroflexota,UBA4733,UBA4733,,,,93.07,1.98,0,12671,8909.65,683,2.65E-03,3.02E-03,0.704,0.874,7.024820028,43.19,8.03,FALSE
Ritt_bin.1.strict_final,Rittmann,Both: 3-Erebus-WC..Melbourne..Rittmann,3,Bacteria,Nitrospirota,Nitrospiria,Nitrospirales,Nitrospiraceae,,,96.76,2.73,0,32485,19088.17,184,1.85E-03,2.39E-03,0.606,0.885,3.751550227,40.05,9.36,FALSE
Ritt_bin.10.strict_final,Rittmann,Both: 3-Erebus-WC..Melbourne..Rittmann,3,Bacteria,Acidobacteriota,Acidobacteriae,Acidoferrales,UBA7541,,,80.73,1.88,0,4106,3488.42,911,4.16E-04,3.16E-04,0.607,0.876,4.876749659,30.5,8.3,FALSE
Ritt_bin.11.strict_final,Rittmann,Both: 3-Erebus-TR..Erebus-WC..Rittmann,3,Bacteria,Acidobacteriota,Blastocatellia,RBC074,RBC074,,,80.58,2.74,0,7991,6310.71,814,1.88E-03,3.40E-03,0.626,0.876,7.911392405,36.71,6.94,FALSE
Ritt_bin.12.permissive_final,Rittmann,NA,3,Bacteria,Chloroflexota,Dehalococcoidia,SpSt-223,SpSt-223,SpSt-223,,94.72,0,0,90074,27495.08,90,3.49E-04,1.92E-03,0.654,0.925,2.758657095,66.82,10.85,TRUE
Ritt_bin.13.permissive_final,Rittmann,Both: 3-Erebus-TR..Erebus-WC..Rittmann,3,Bacteria,Armatimonadota,Chthonomonadetes,Chthonomonadales,Chthonomonadaceae,Chthonomonas,,93.52,0,0,82997,40521.91,81,4.14E-03,3.85E-03,0.533,0.893,3.75534645,55.75,11.48,FALSE
Ritt_bin.14.strict_final,Rittmann,Active only: 2-Erebus-TR..Rittmann,2,Bacteria,Chloroflexota,FW602-bin22,FW602-bin22,DSKJ01,DSKJ01,DSKJ01 sp011051445,97.69,0,0,33280,14449.83,234,9.46E-04,2.79E-03,0.698,0.875,3.543863241,64.44,5.77,FALSE
Ritt_bin.15.permissive_final,Rittmann,Both: 3-Erebus-WC..Melbourne..Rittmann,3,Archaea,Thermoproteota,Nitrososphaeria,Nitrososphaerales,Nitrososphaeraceae,,,94.17,0.97,0,162006,78717.46,26,2.59E-06,1.63E-05,0.513,0.861,2.307528937,32.54,10.73,FALSE
Ritt_bin.2.orig_final,Rittmann,NA,4,Archaea,Thermoproteota,Nitrososphaeria,,,,,93.69,1.94,0,267183,35944.86,35,1.09E-04,1.24E-02,0.631,0.931,1.433450742,63.99,19.75,TRUE
Ritt_bin.3.strict_final,Rittmann,Both: 3-Erebus-TR..Erebus-WC..Rittmann,3,Bacteria,Chloroflexota,Dehalococcoidia,DSGV01,DSGV01,DSGV01,,97.69,1.98,0,109855,34784.79,103,5.59E-03,4.14E-03,0.694,0.882,3.754734364,64.5,9.02,FALSE
Ritt_bin.4.orig_final,Rittmann,Active only: 2-Erebus-TR..Rittmann,2,Bacteria,Chloroflexota,Anaerolineae,Thermoflexales,Thermoflexaceae,Thermoflexus,,96.36,0.91,0,39890,22782.18,104,1.43E-03,4.70E-03,0.697,0.923,2.551888751,70.3,6.23,FALSE
Ritt_bin.5.strict_final,Rittmann,Both: 3-Erebus-WC..Melbourne..Rittmann,3,Bacteria,Dormibacterota,Dormibacteria,Dormibacterales,Dormibacteraceae,,,98.15,0,0,45437,19688.82,129,5.14E-03,4.39E-03,0.687,0.929,2.636780438,50.26,8.16,FALSE
Ritt_bin.6.strict_final,Rittmann,Both: 3-Erebus-WC..Melbourne..Rittmann,3,Bacteria,CSP1-3,CSP1-3,CSP1-3,NP-7,,,86.11,1.85,0,61701,30683.73,95,2.82E-03,1.90E-02,0.699,0.896,3.931018465,64.5,5.17,FALSE
Ritt_bin.7.strict_final,Rittmann,Active only: 1-Rittmann,1,Bacteria,Proteobacteria,Gammaproteobacteria,Burkholderiales,Burkholderiaceae,Paraburkholderia,Paraburkholderia caledonica,98.05,0.69,33.33,26831,15814.74,356,5.70E-05,3.24E-03,0.624,0.867,5.856195818,30.47,1.79,FALSE
Ritt_bin.8.strict_final,Rittmann,Active only: 1-Rittmann,1,Archaea,Thermoproteota,Thermoproteia,Sulfolobales,AG1,,,97.4,0,0,286077,110254.13,15,1.39E-04,7.37E-03,0.629,0.869,1.743326489,67.53,8.93,FALSE
Ritt_bin.9.permissive_final,Rittmann,Both: 3-Erebus-TR..Erebus-WC..Rittmann,3,Archaea,Thermoproteota,Nitrososphaeria,Conexivisphaerales,DTJL01,,,92.23,0.97,0,522019,78844.63,19,4.88E-04,5.98E-04,0.456,0.902,1.760815353,56.96,10.83,FALSE
RittMat_bin.21.strict_final,Rittmann Mat,Both: 3-Erebus-WC..Melbourne..Rittmann,3,Bacteria,Cyanobacteria,Cyanobacteriia,Cyanobacteriales,Nostocaceae,Tolypothrix_B,,89.65,1.93,0,10011,7183.26,788,1.53E-03,1.63E-03,0.425,0.8,6.314556609,23.8,11.85,NA
RittMat_bin.26.orig_final,Rittmann Mat,Both: 3-Erebus-WC..Melbourne..Rittmann,3,Bacteria,Cyanobacteria,Vampirovibrionia,Obscuribacterales,Obscuribacteraceae,CAILLX01,,82.57,0.85,0,7351,6258.76,619,9.57E-04,5.69E-04,0.519,0.892,4.691776674,31.1,10.26,NA
RittMat_bin.28.strict_final,Rittmann Mat,Both: 3-Erebus-TR..Erebus-WC..Rittmann,3,Bacteria,Cyanobacteria,Cyanobacteriia,Leptolyngbyales,Leptolyngbyaceae,Leptolyngbya,,99.53,0.24,0,38314,16293.35,288,1.13E-02,3.26E-02,0.472,0.869,4.715161258,21.72,9.43,NA
RittMat_bin.54.orig_final,Rittmann Mat,Active only: 1-Rittmann,1,Bacteria,Cyanobacteria,Vampirovibrionia,Obscuribacterales,Obscuribacteraceae,,,89.74,1.42,0,24629,15126.71,406,7.07E-05,2.68E-03,0.479,0.886,6.843102296,30.86,6.4,NA
RittMat_bin.9.strict_final,Rittmann Mat,Both: 3-Erebus-WC..Melbourne..Rittmann,3,Bacteria,Cyanobacteria,Cyanobacteriia,Cyanobacteriales,Nostocaceae,Aetokthonos,,98.07,1.47,0,29451,15626.84,449,1.56E-02,6.06E-02,0.42,0.805,7.163250739,24.42,15.37,NA
