CORE,Start,End,Amount,order,Order2,Group,Group2,Fang,Group2
12,39,79,40,76,1,Core,Core,Fang,white
12,28,39,11,75,2,Ash,Ash_sampled,Fang,darkgrey
12,0,28,28,74,3,Core,Core,Fang,white
11,88,98,10,73,4,Blank,Blank,Fang,lightblue
11,75,88,13,72,5,Core,Core,Fang,white
11,66,75,9,71,6,Ash,Ash_sampled,Fang,darkgrey
11,58,66,8,70,7,Core,Core,Fang,white
11,52,58,6,69,8,Faint,Ash_unsampled,Fang,lightgrey
11,0,52,52,68,9,Core,Core,Fang,white
10,23,100,77,67,10,Core,Core,Fang,white
10,22,23,1,66,11,Faint,Ash_unsampled,Fang,lightgrey
10,0,22,22,65,12,Core,Core,Fang,white
9,91,100,9,64,13,Blank,Blank,Fang,lightblue
9,45.5,91,45.5,63,14,Core,Core,Fang,white
9,44,45.5,1.5,62,15,Ash,Ash_sampled,Fang,darkgrey
9,26,44,18,61,16,Core,Core,Fang,white
9,22,26,4,60,17,Ash,Ash_sampled,Fang,darkgrey
9,0,22,22,59,18,Core,Core,Fang,white
8,99.5,100,0.5,58,19,Core,Core,Fang,white
8,84,99.5,15.5,57,20,Core,Core,Fang,white
8,4.5,84,79.5,56,21,Core,Core,Fang,white
8,0.5,4.5,4,55,22,Ash,Ash_sampled,Fang,darkgrey
8,0,0.5,0.5,54,23,Core,Core,Fang,white
7,60,100,40,53,24,Core,Core,Fang,white
7,53.5,60,6.5,52,25,Faint,Ash_unsampled,Fang,lightgrey
7,47,53.5,6.5,51,26,Core,Core,Fang,white
7,41,47,6,50,27,Faint,Ash_unsampled,Fang,lightgrey
7,35,41,6,49,28,Core,Core,Fang,white
7,31,35,4,48,29,Ash,Ash_sampled,Fang,darkgrey
7,28,31,3,47,30,Core,Core,Fang,white
7,23,28,5,46,31,Ash,Ash_sampled,Fang,darkgrey
7,17.5,23,5.5,45,32,Core,Core,Fang,white
7,13,17.5,4.5,44,33,Ash,Ash_sampled,Fang,darkgrey
7,0,13,13,43,34,Core,Core,Fang,white
6,92,100,8,42,35,Core,Core,Fang,white
6,87,92,5,41,36,Ash,Ash_sampled,Fang,darkgrey
6,31,87,56,40,37,Core,Core,Fang,white
6,18,31,13,39,38,Ash,Ash_sampled,Fang,darkgrey
6,0,18,18,38,39,Core,Core,Fang,white
5,99.5,100,0.5,37,40,Core,Core,Fang,white
5,91.2,99.5,8.3,36,41,Blank,Blank,Fang,lightblue
5,35,91.2,56.2,35,42,Core,Core,Fang,white
5,32,35,3,34,43,Faint,Ash_unsampled,Fang,lightgrey
5,0,32,32,33,44,Core,Core,Fang,white
4,84.5,102,17.5,32,45,Core,Core,Fang,white
4,75,84.5,9.5,31,46,Faint,Ash_unsampled,Fang,lightgrey
4,57,75,18,30,47,Core,Core,Fang,white
4,49,57,8,29,48,Ash,Ash_sampled,Fang,darkgrey
4,43,49,6,28,49,Ash,Ash_sampled,Fang,darkgrey
4,0,43,43,27,50,Core,Core,Fang,white
3,92,100,8,26,51,Core,Core,Fang,white
3,88,92,4,25,52,Faint,Ash_unsampled,Fang,lightgrey
3,82,88,6,24,53,Core,Core,Fang,white
3,79,82,3,23,54,Faint,Ash_unsampled,Fang,lightgrey
3,72,79,7,22,55,Core,Core,Fang,white
3,67,72,5,21,56,Ash,Ash_sampled,Fang,darkgrey
3,27,67,40,20,57,Core,Core,Fang,white
3,21,27,6,19,58,Ash,Ash_sampled,Fang,darkgrey
3,0,21,21,18,59,Core,Core,Fang,white
2,70,100,30,17,60,Core,Core,Fang,white
2,63.5,70,6.5,16,61,Ash,Ash_sampled,Fang,darkgrey
2,57.5,63.5,6,15,62,Core,Core,Fang,white
2,52.5,57.5,5,14,63,Ash,Ash_sampled,Fang,darkgrey
2,38,52.5,14.5,13,64,Blank,Blank,Fang,lightblue
2,0,38,38,12,65,Core,Core,Fang,white
1,95,100,5,11,66,Core,Core,Fang,white
1,88,95,7,10,67,Ash,Ash_sampled,Fang,darkgrey
1,82,88,6,9,68,Core,Core,Fang,white
1,78,82,4,8,69,Ash,Ash_sampled,Fang,darkgrey
1,73.5,78,4.5,7,70,Core,Core,Fang,white
1,71,73.5,2.5,6,71,Ash,Ash_sampled,Fang,darkgrey
1,66.5,71,4.5,5,72,Core,Core,Fang,white
1,61.5,66.5,5,4,73,Ash,Ash_sampled,Fang,darkgrey
1,29,61.5,32.5,3,74,Core,Core,Fang,white
1,20.5,29,8.5,2,75,Blank,Blank,Fang,lightblue
1,0,20.5,20.5,1,76,Core,Core,Fang,white