OTU ID,Count_thermo,Total,Prop,Perc,Sample_ID,LAT,LON,ID,km
BS_620,106,106599,0.000994381,0.099438081,BS_620,NA,NA,NA,NA
WV_UNN1,285,104697,0.002722141,0.272214104,WV_UNN1,-77.48,160.85,152620.1653,152.6201653
BS_610,62,100477,0.000617057,0.061705664,BS_610,-76.922133,161.077833,164697.5857,164.6975857
CS_CR5,1396,96746,0.014429537,1.442953714,CS_CR5,-77.55379,166.16237,24346.62155,24.34662155
NP3_1,244,92913,0.002626113,0.26261126,NP3_1,-84.5346,-175.4231667,830487.7542,830.4877542
MS_5,123,88378,0.001391749,0.139174908,MS_5,-77.03,161.71,145109.5081,145.1095081
WV_UNN_2,164,87535,0.001873536,0.18735363,WV_UNN_2,-77.48,160.85,152620.1653,152.6201653
LV_18,557,81146,0.006864171,0.686417075,LV_18,-72.370052,169.89582,580869.4531,580.8694531
NP3_4,1271,80387,0.015811014,1.581101422,NP3_4,-84.53441667,-175.4166,830504.904,830.504904
VV_J,95,80210,0.001184391,0.118439097,VV_J,-77.4934,160.85305,152422.2205,152.4222205
LC1_5,1120,78032,0.014353086,1.435308591,LC1_5,-72.321,170.228,587650.1895,587.6501895
HM_5,520,78017,0.006665214,0.666521399,HM_5,-84.55905,175.0089,795189.441,795.189441
BS_618,93,77560,0.001199072,0.119907169,BS_618,-76.921567,161.080067,164676.1879,164.6761879
CR_0828,1578,77118,0.020462149,2.046214891,CR_0828,-77.551,166.163,24297.88314,24.29788314
MW4_1,137,76264,0.001796391,0.179639148,MW4_1,NA,NA,NA,NA
GE_C3_2,237,76070,0.003115551,0.311555147,GE_C3_2,-78.0178,163.87984,95062.89061,95.06289061
MFP_A2,278,74808,0.00371618,0.371618009,MFP_A2,-77.5717,163.161,96520.55062,96.52055062
MFP_AAA,781,73707,0.010596009,1.059600852,MFP_AAA,-77.574361,163.163639,96462.82694,96.46282694
TN3_1,23,73476,0.000313027,0.031302738,TN3_1,-84.92271667,-176.1242333,865060.0195,865.0600195
VV_0,34,72902,0.00046638,0.046637952,VV_0,-77.4934,160.85305,152422.2205,152.4222205
ME_A1_1,572,72892,0.007847226,0.784722603,ME_A1_1,-78.09403,163.78671,101729.8933,101.7298933
MS_17,494,72427,0.006820661,0.68206608,MS_17,-77.03,161.71,145109.5081,145.1095081
MF2_1,771,71962,0.010713988,1.071398794,MF2_1,-84.6236,-176.7353,832550.4699,832.5504699
MS_11,824,71389,0.011542394,1.154239449,MS_11,-77.03,161.71,145109.5081,145.1095081
HD_10,467,71210,0.006558068,0.655806769,HD_10,-85.53565,-151.18523,1072002.817,1072.002817
LGP_3_4,624,68912,0.009055027,0.90550267,LGP_3_4,-72.321269,170.228218,587621.3406,587.6213406
HD_14,367,68711,0.005341212,0.534121174,HD_14,-85.53555,-151.18968,1071963.831,1071.963831
CS_CR_2,1225,68422,0.017903598,1.790359826,CS_CR_2,-77.55312,166.16118,24366.64683,24.36664683
HK_1,208,68367,0.003042403,0.30424035,HK_1,-83.760833,172.746167,702616.5527,702.6165527
LC4_1,354,67859,0.005216699,0.521669933,LC4_1,-72.321,170.228,587650.1895,587.6501895
HR_2,436,67804,0.006430299,0.64302991,HR_2,-83.774883,170.78935,700407.0906,700.4070906
MW2_1,513,67405,0.007610711,0.761071137,MW2_1,-84.55958333,-176.8112167,825841.5443,825.8415443
HD_9,6,67152,8.93495E-05,0.008934954,HD_9,NA,NA,NA,NA
MF1_1,155,66681,0.0023245,0.232450023,MF1_1,-84.62511667,-176.7705333,832530.7718,832.5307718
HR_4,122,66635,0.00183087,0.183086966,HR_4,-83.77465,170.7777,700363.6672,700.3636672
MSP1_4,260,66630,0.003902146,0.390214618,MSP1_4,-84.48296667,-176.4805333,819942.4457,819.9424457
MSP2_1,146,66569,0.002193213,0.219321306,MSP2_1,-84.48188333,-176.5069667,819701.0099,819.7010099
BPS_5,167,66414,0.00251453,0.251453007,BPS_5,-77.47415,161.797817,129818.799,129.818799
MSP1_1,208,66205,0.003141757,0.314175666,MSP1_1,-84.48301667,-176.51275,819782.8718,819.7828718
MF1_6,147,65928,0.002229705,0.222970513,MF1_6,-84.62653333,-176.7433667,832802.1726,832.8021726
TGV2_1,34,65855,0.000516286,0.051628578,TGV2_1,-84.91903333,-177.06025,860533.4615,860.5334615
MS_12,396,65596,0.006036953,0.603695347,MS_12,-77.03,161.71,145109.5081,145.1095081
GE_B1_3,135,65592,0.002058178,0.205817783,GE_B1_3,-78.01838,163.88684,94963.60583,94.96360583
HM_2,305,64676,0.004715814,0.471581421,HM_2,-84.559,175.0087,795183.5133,795.1835133
WV_BA_1,89,64645,0.00137675,0.137674994,WV_BA_1,-77.49556,160.87517,151870.2537,151.8702537
TN3_5,41,64432,0.00063633,0.063632977,TN3_5,-84.9182,-176.1281667,864594.4041,864.5944041
HR_3,100,64419,0.001552337,0.155233704,HR_3,-83.774067,170.779983,700302.5109,700.3025109
CR_0833,2707,64379,0.042047873,4.204787275,CR_0833,-77.551,166.163,24297.88314,24.29788314
CS_CR9,1325,64231,0.020628668,2.06286684,CS_CR9,-77.5538,166.16188,24358.46559,24.35846559
HR_1,251,64034,0.003919793,0.391979261,HR_1,-83.774467,170.789883,700361.8025,700.3618025
MFP_A1,178,63983,0.002781989,0.278198897,MFP_A1,-77.5717,163.161,96520.55062,96.52055062
BP1_8,41,63410,0.000646586,0.064658571,BP1_8,-85.20063333,-177.3757667,887675.6188,887.6756188
HK_4,646,63270,0.01021021,1.021021021,HK_4,-83.760717,172.749983,702612.7193,702.6127193
HC_BA_1,68,62956,0.001080119,0.108011945,HC_BA_1,-77.51125,160.58441,158752.5629,158.7525629
HG_3,193,62863,0.003070168,0.307016846,HG_3,-84.5361,-174.9459,833196.6673,833.1966673
HV3_9,375,62034,0.006045072,0.604507206,HV3_9,-85.02945,-177.1922833,871086.4404,871.0864404
HG_8,339,61814,0.005484195,0.548419452,HG_8,-84.5356,-174.952,833115.519,833.115519
NP1_1,49,61645,0.000794874,0.079487387,NP1_1,-84.53455,-175.4222333,830487.8743,830.4878743
HVY_4A,93,61095,0.001522219,0.152221949,HVY_4A,-78.14,163.901,102863.7027,102.8637027
GE_C2_3,136,60849,0.002235041,0.223504084,GE_C2_3,-78.0178,163.87904,95078.34464,95.07834464
HC_ZS2,8,60358,0.000132542,0.01325425,HC_ZS2,-77.509533,160.596333,158478.2314,158.4782314
MFP_C,73,59922,0.00121825,0.121825039,MFP_C,-77.571722,163.160989,96520.85815,96.52085815
KR_4,36,59778,0.000602228,0.060222824,KR_4,-85.197,-177.06905,888512.046,888.512046
WV_UNN3,220,59767,0.003680961,0.368096107,WV_UNN3,-77.48,160.85,152620.1653,152.6201653
HD_6,83,59663,0.001391147,0.139114694,HD_6,-85.54578,-151.14393,1072887.443,1072.887443
VV_L,8,59518,0.000134413,0.013441312,VV_L,-77.4934,160.85305,152422.2205,152.4222205
OR_9,1734,59314,0.029234245,2.923424487,OR_9,-77.4921,162.31103,117274.0678,117.2740678
TGV3_9,538,59263,0.009078177,0.907817694,TGV3_9,-84.91368333,-176.8831667,860768.5083,860.7685083
HC_BA2,101,59184,0.001706542,0.170654231,HC_BA2,-77.51149,160.58763,158673.1812,158.6731812
LGP_BA_1-3,308,59008,0.005219631,0.521963124,LGP_BA_1-3,-72.3212,170.2282,587628.9023,587.6289023
HM_3,179,58978,0.00303503,0.303503001,HM_3,-84.559,175.0086,795183.2615,795.1832615
CR_0821,743,58652,0.01266794,1.266793971,CR_0821,-77.551,166.163,24297.88314,24.29788314
ME_A2_3,72,58392,0.001233046,0.123304562,ME_A2_3,-78.09403,163.78671,101729.8933,101.7298933
LSI_4,356,57581,0.006182595,0.618259495,LSI_4,-62.66357,-60.39202,4111255.031,4111.255031
CR_0826,209,56759,0.003682235,0.368223542,CR_0826,-77.551,166.163,24297.88314,24.29788314
HK_3,82,55639,0.001473786,0.147378637,HK_3,-83.760817,172.74665,702615.9227,702.6159227
ME_C2_3,93,54804,0.001696956,0.169695643,ME_C2_3,-78.08899,163.77509,101609.0061,101.6090061
ME_B1_2,98,54767,0.001789399,0.178939873,ME_B1_2,-78.092,163.77771,101760.5971,101.7605971
HS_2,548,54581,0.010040124,1.004012385,HS_2,-83.800917,172.219133,705855.9753,705.8559753
LSI_15,745,54550,0.013657195,1.365719523,LSI_15,-62.66989,-60.3792,4110750.751,4110.750751
CS_CR_11,4146,54483,0.076097131,7.609713122,CS_CR_11,NA,NA,NA,NA
BPS_1,10,54288,0.000184203,0.018420277,BPS_1,-77.47965,161.74065,131143.1875,131.1431875
VV_B,12,54041,0.000222054,0.022205363,VV_B,-77.4934,160.85305,152422.2205,152.4222205
HVY_9062A,91,53858,0.001689628,0.168962828,HVY_9062A,-78.14311,163.89069,103268.3757,103.2683757
MK_UN8,226,53680,0.004210134,0.421013413,MK_UN8,-83.7607,172.751317,702613.9621,702.6139621
HG_54,137,53544,0.002558643,0.255864336,HG_54,-84.5362,-174.9438,833217.679,833.217679
HK_2,354,53533,0.006612744,0.661274354,HK_2,-83.760833,172.7461,702616.3968,702.6163968
vv_d,6,53072,0.000113054,0.011305396,vv_d,-77.4934,160.85305,152422.2205,152.4222205
CB_CMBjA1,9,53069,0.000169591,0.016959053,CB_CMBjA1,-84.272414,169.320419,754053.6449,754.0536449
CS_CR7,2158,52226,0.041320415,4.132041512,CS_CR7,-77.55383,166.16182,24360.28339,24.36028339
HVY_9054A,63,51750,0.001217391,0.12173913,HVY_9054A,-78.15421751,163.950428,103037.7376,103.0377376
HM_6,153,51616,0.002964197,0.296419715,HM_6,-84.55917,175.0089,795202.4586,795.2024586
MS_7,42,51463,0.00081612,0.081612032,MS_7,-77.03,161.71,145109.5081,145.1095081
BPS_25,598,51346,0.011646477,1.164647684,BPS_25,-77.474317,161.79715,129833.1913,129.8331913
GE_A1_3,90,51136,0.001760013,0.176001252,GE_A1_3,-78.02102,163.89929,94887.72648,94.88772648
LSI_13,369,51036,0.00723019,0.723019045,LSI_13,-62.66989,-60.3792,4110750.751,4110.750751
CM_PA_30,849,50119,0.016939684,1.693968355,CM_PA_30,-85.171731,167.079235,853663.968,853.663968
LV_14,152,49875,0.003047619,0.304761905,LV_14,-72.370052,169.89582,580869.4531,580.8694531
LGP_BA_LV8,93,49851,0.001865559,0.186555937,LGP_BA_LV8,-72.371133,169.884367,580705.7275,580.7057275
HK_5,1034,49685,0.02081111,2.081110999,HK_5,-83.760733,172.750683,702616.1028,702.6161028
LSI_12,571,49390,0.011561045,1.156104475,LSI_12,-62.66989,-60.3792,4110750.751,4110.750751
DA_1,69,48727,0.001416053,0.14160527,DA_1,-79.87,159.36,311867.9472,311.8679472
MFX_2,211,48716,0.004331226,0.433122588,MFX_2,-84.62411667,-176.7085,832731.1988,832.7311988
ME_C3_1,83,48708,0.001704032,0.170403219,ME_C3_1,-78.08899,163.77509,101609.0061,101.6090061
HG_6,119,48575,0.00244982,0.244981987,HG_6,-84.5357,-174.9415,833182.1789,833.1821789
GE_A2_2,138,48423,0.002849885,0.284988539,GE_A2_2,-78.02102,163.89957,94882.34135,94.88234135
BPS_22,874,47459,0.018415896,1.841589583,BPS_22,-77.475483,161.787483,130054.5921,130.0545921
MWX_1,273,47221,0.005781326,0.57813261,MWX_1,NA,NA,NA,NA
LSI_6,430,47051,0.009139019,0.913901936,LSI_6,-62.66357,-60.39202,4111255.031,4111.255031
KR_1,149,46403,0.003210999,0.321099929,KR_1,-85.19783333,-177.1021167,888465.3942,888.4653942
AV3_1,8,46246,0.000172988,0.017298793,AV3_1,-85.17068333,-174.1483,898488.8456,898.4888456
ON_10,306,46160,0.006629116,0.662911612,ON_10,-77.46795,162.42593,114734.6468,114.7346468
OR_1,176,46142,0.003814312,0.381431234,OR_1,-77.52593,161.70227,131722.9278,131.7229278
LSI_5,202,45974,0.004393788,0.439378779,LSI_5,-62.66357,-60.39202,4111255.031,4111.255031
MSP3_4,176,45793,0.003843382,0.384338218,MSP3_4,-84.48018333,-176.4880833,819630.4551,819.6304551
MF3_1,66,45548,0.001449021,0.144902081,MF3_1,-84.62266667,-176.75065,832383.8604,832.3838604
BP2_1,4,44747,8.93915E-05,0.008939147,BP2_1,-85.21213333,-177.3576,888914.028,888.914028
HD_11,579,44513,0.013007436,1.300743603,HD_11,-85.53595,-151.18383,1072030.349,1072.030349
LSI_2,835,44322,0.018839403,1.883940255,LSI_2,-62.66347,-60.3917,4111270.137,4111.270137
MSP3_1,174,44059,0.00394925,0.394924987,MSP3_1,-84.48191667,-176.4879,819801.6608,819.8016608
LSI_11,450,43660,0.010306917,1.030691709,LSI_11,-62.66989,-60.3792,4110750.751,4110.750751
LC3_5,470,43450,0.010817031,1.081703107,LC3_5,-72.321,170.228,587650.1895,587.6501895
MFP_d,66,42923,0.001537637,0.153763716,MFP_d,-77.571733,163.161,96520.61543,96.52061543
LSI_1,879,42437,0.020713057,2.0713057,LSI_1,-62.66347,-60.3917,4111270.137,4111.270137
HR_5,320,42404,0.007546458,0.754645788,HR_5,-83.774367,170.777417,700331.8807,700.3318807
HG_9,168,42210,0.0039801,0.39800995,HG_9,-84.5379,-174.9299,833456.4106,833.4564106
BS_607,31,41993,0.000738218,0.073821827,BS_607,-76.922417,161.081533,164599.922,164.599922
LSI_9,315,41924,0.007513596,0.751359603,LSI_9,-62.66187,-60.394,4111410.686,4111.410686
HS_3,371,40917,0.009067136,0.906713591,HS_3,-83.800867,172.221833,705856.1046,705.8561046
LSI_8,399,37809,0.010553043,1.055304293,LSI_8,-62.66187,-60.394,4111410.686,4111.410686
LSI_10,286,37726,0.007580979,0.758097864,LSI_10,-62.66187,-60.394,4111410.686,4111.410686
CR_0819,2180,37624,0.057941739,5.794173932,CR_0819,-77.551,166.163,24297.88314,24.29788314
CK_20B,539,36562,0.014742082,1.474208194,CK_20B,-83.811847,171.946772,706507.5585,706.5075585
HVY_5A,87,36544,0.002380692,0.238069177,HVY_5A,-78.14,163.901,102863.7027,102.8637027
TGV1_8,222,35578,0.006239811,0.623981112,TGV1_8,-84.91536667,-176.8791333,860954.7707,860.9547707
TGV1_1,7,35563,0.000196834,0.019683379,TGV1_1,-84.92033333,-176.9902,860967.9002,860.9679002
MK_KYBjA6,521,35209,0.014797353,1.479735295,MK_KYBjA6,-83.759966,172.768667,702573.9856,702.5739856
LSI_3,373,34652,0.010764169,1.076416946,LSI_3,-62.66347,-60.3917,4111270.137,4111.270137
LSI_7,249,33092,0.007524477,0.752447722,LSI_7,-62.66187,-60.394,4111410.686,4111.410686
HVY_9130A,12,32157,0.000373169,0.037316914,HVY_9130A,-78.16503243,163.9685377,103528.1896,103.5281896
MW4-2,53,31966,0.001658012,0.165801164,MW4-2,NA,NA,NA,NA
LSI_14,370,31183,0.01186544,1.18654395,LSI_14,-62.66989,-60.3792,4110750.751,4110.750751
TN2_1,221,31000,0.007129032,0.712903226,TN2_1,-84.92381667,-176.0987667,865285.0799,865.2850799
CK2_100A,131,30619,0.004278389,0.427838924,CK2_100A,-83.820775,171.964582,707526.2642,707.5262642
CK2_10,139,30431,0.004567711,0.456771056,CK2_10,-83.821533,171.968083,707616.6689,707.6166689
NP2_1,73,27937,0.002613022,0.261302216,NP2_1,-84.53481667,-175.4262,830492.6096,830.4926096
DS1_1_2,23,24637,0.000933555,0.093355522,DS1_1_2,-77.551217,161.22075,143206.3353,143.2063353
HV2_5,50,20061,0.002492398,0.249239819,HV2_5,-85.0467,-177.4161667,871908.3805,871.9083805
TN1_1,1520,19414,0.078294015,7.829401463,TN1_1,-84.92571667,-176.0692333,865608.0248,865.6080248
HS_1,44,19249,0.002285833,0.228583303,HS_1,-83.8008,172.217233,705839.1455,705.8391455
RM1_1,489,18543,0.026371137,2.637113736,RM1_1,-85.4909,-177.1771667,917957.1718,917.9571718
BP1_1,234,16434,0.014238773,1.423877327,BP1_1,-85.21261667,-177.3386167,889036.7996,889.0367996
OR_8,2,14415,0.000138744,0.013874436,OR_8,-77.51402,162.13828,121282.0313,121.2820313
TGV3_1,310,12478,0.024843725,2.484372496,TGV3_1,-84.90956667,-177.0217333,859750.5745,859.7505745
MK_A6,231,11502,0.020083464,2.008346375,MK_A6,-83.7607,172.751317,702613.9621,702.6139621
HV1_8,334,11479,0.029096611,2.90966112,HV1_8,-85.03005,-177.1751333,871218.2063,871.2182063
HS_7,59,8834,0.006678741,0.667874123,HS_7,-83.805733,172.26245,706476.274,706.476274
AV1_8,35,8735,0.004006869,0.400686892,AV1_8,-85.17595,-174.1165333,899147.7308,899.1477308
HC_Z5_1,281,7825,0.035910543,3.591054313,HC_Z5_1,-77.509267,160.589717,158639.6852,158.6396852
NP4_5,95,7577,0.012537944,1.253794378,NP4_5,-84.53315,-175.3152333,830922.5578,830.9225578
HV3_1,19,3526,0.005388542,0.538854226,HV3_1,-85.03316667,-177.3292167,870895.6938,870.8956938
HS_4,297,3320,0.089457831,8.945783133,HS_4,-83.8003,172.2103,705769.7062,705.7697062
HH_3,1,2609,0.000383289,0.038328862,HH_3,-87.3447,-149.2521,1195437.077,1195.437077
CK1_100B,36,2550,0.014117647,1.411764706,CK1_100B,-83.82078,171.964511,707526.6753,707.5266753
BPS_18,80,2202,0.036330609,3.633060854,BPS_18,-77.475483,161.780483,130223.4306,130.2234306