Treatment,time,Concentration,Dilution,Volume for conc,Resuspension correction,Final cells-mL,Strain
E1,0,29,100000,0.025,2,2.32E+08,Geobacillus-veg
E2,0,33,100000,0.025,2,2.64E+08,Geobacillus-veg
E3,0,25,100000,0.025,2,2.00E+08,Geobacillus-veg
E1,1,27,10000,0.025,2,2.16E+07,Geobacillus-veg
E2,1,36,10000,0.025,2,2.88E+07,Geobacillus-veg
E3,1,30,10000,0.025,2,2.40E+07,Geobacillus-veg
E1,2,17,10000,0.025,2,1.36E+07,Geobacillus-veg
E2,2,20,10000,0.025,2,1.60E+07,Geobacillus-veg
E3,2,28,10000,0.025,2,2.24E+07,Geobacillus-veg
E1,8,17,10000,0.025,2,1.36E+07,Geobacillus-veg
E2,8,19,10000,0.025,2,1.52E+07,Geobacillus-veg
E3,8,22,10000,0.025,2,1.76E+07,Geobacillus-veg
E1,16,14,10000,0.025,2,1.12E+07,Geobacillus-veg
E2,16,14,10000,0.025,2,1.12E+07,Geobacillus-veg
E3,16,15,10000,0.025,2,1.20E+07,Geobacillus-veg
E1,32,64,10000,0.025,2,5.12E+07,Geobacillus-veg
E2,32,18,10000,0.025,2,1.44E+07,Geobacillus-veg
E3,32,20,10000,0.025,2,1.60E+07,Geobacillus-veg
E1,0,16,100000,0.025,2,1.28E+08,Geobacillus-spor
E2,0,15,100000,0.025,2,1.20E+08,Geobacillus-spor
E3,0,23,100000,0.025,2,1.84E+08,Geobacillus-spor
E1,1,26,100000,0.025,2,2.08E+08,Geobacillus-spor
E2,1,15,100000,0.025,2,1.20E+08,Geobacillus-spor
E3,1,26,100000,0.025,2,2.08E+08,Geobacillus-spor
E1,2,21,100000,0.025,2,1.68E+08,Geobacillus-spor
E2,2,22,100000,0.025,2,1.76E+08,Geobacillus-spor
E3,2,151,10000,0.025,2,1.21E+08,Geobacillus-spor
E1,8,12,100000,0.025,2,9.60E+07,Geobacillus-spor
E2,8,21,100000,0.025,2,1.68E+08,Geobacillus-spor
E3,8,22,100000,0.025,2,1.76E+08,Geobacillus-spor
E1,16,13,100000,0.025,2,1.04E+08,Geobacillus-spor
E2,16,22,100000,0.025,2,1.76E+08,Geobacillus-spor
E3,16,17,100000,0.025,2,1.36E+08,Geobacillus-spor
E1,32,64,10000,0.025,2,5.12E+07,Geobacillus-spor
E2,32,98,10000,0.025,2,7.84E+07,Geobacillus-spor
E3,32,112,10000,0.025,2,8.96E+07,Geobacillus-spor
E1,0,42,10000,0.025,2,3.36E+07,Thermus
E2,0,46,10000,0.025,2,3.68E+07,Thermus
E3,0,32,10000,0.025,2,2.56E+07,Thermus
E1,1,76,10000,0.025,2,6.08E+07,Thermus
E2,1,55,10000,0.025,2,4.40E+07,Thermus
E3,1,37,10000,0.025,2,2.96E+07,Thermus
E1,4,33,10000,0.025,2,2.64E+07,Thermus
E2,4,61,10000,0.025,2,4.88E+07,Thermus
E3,4,70,10000,0.025,2,5.60E+07,Thermus
E1,9,32,10000,0.025,2,2.56E+07,Thermus
E2,9,46,10000,0.025,2,3.68E+07,Thermus
E3,9,41,10000,0.025,2,3.28E+07,Thermus
E1,16,246,1000,0.025,2,1.97E+07,Thermus
E2,16,311,1000,0.025,2,2.49E+07,Thermus
E3,16,220,1000,0.025,2,1.76E+07,Thermus
E1,32,35,10000,0.025,2,2.80E+07,Thermus
E2,32,27,10000,0.025,2,2.16E+07,Thermus
E3,32,43,10000,0.025,2,3.44E+07,Thermus
E1,0,41,100000,0.025,2,3.28E+08,Calidithermus
E2,0,40,100000,0.025,2,3.20E+08,Calidithermus
E3,0,52,100000,0.025,2,4.16E+08,Calidithermus
E1,1,51,100000,0.025,2,4.08E+08,Calidithermus
E2,1,8,1000000,0.025,2,6.40E+08,Calidithermus
E3,1,49,100000,0.025,2,3.92E+08,Calidithermus
E1,4,30,100000,0.025,2,2.40E+08,Calidithermus
E2,4,19,100000,0.025,2,1.52E+08,Calidithermus
E3,4,18,100000,0.025,2,1.44E+08,Calidithermus
E1,8,54,100000,0.025,2,4.32E+08,Calidithermus
E2,8,17,100000,0.025,2,1.36E+08,Calidithermus
E3,8,23,100000,0.025,2,1.84E+08,Calidithermus
E1,14,24,100000,0.025,2,1.92E+08,Calidithermus
E2,14,32,100000,0.025,2,2.56E+08,Calidithermus
E3,14,30,100000,0.025,2,2.40E+08,Calidithermus
E1,30,25,100000,0.025,2,2.00E+08,Calidithermus
E2,30,19,100000,0.025,2,1.52E+08,Calidithermus
E3,30,33,100000,0.025,2,2.64E+08,Calidithermus
