Treatment,Time point,dose,Concentration,Dilution,Volume correction,Final cells-mL,Strain
E1,0,0,18,100000,0.025,7.20E+07,Geobacillus-spor
E2,0,0,14,100000,0.025,5.60E+07,Geobacillus-spor
E3,0,0,14,100000,0.025,5.60E+07,Geobacillus-spor
E1,2,200,12,1000,0.025,4.80E+05,Geobacillus-spor
E2,2,200,15,1000,0.025,6.00E+05,Geobacillus-spor
E3,2,200,17,1000,0.025,6.80E+05,Geobacillus-spor
E1,5,500,46,100,0.025,1.84E+05,Geobacillus-spor
E2,5,500,58,100,0.025,2.32E+05,Geobacillus-spor
E3,5,500,56,100,0.025,2.24E+05,Geobacillus-spor
E1,8,802,33,100,0.025,1.32E+05,Geobacillus-spor
E2,8,802,29,100,0.025,1.16E+05,Geobacillus-spor
E3,8,802,33,100,0.025,1.32E+05,Geobacillus-spor
E1,12,1202,14,100,0.025,5.60E+04,Geobacillus-spor
E2,12,1202,8,100,0.025,3.20E+04,Geobacillus-spor
E3,12,1202,9,100,0.025,3.60E+04,Geobacillus-spor
E1,18,1804,23,10,0.025,9.20E+03,Geobacillus-spor
E2,18,1804,12,10,0.025,4.80E+03,Geobacillus-spor
E3,18,1804,14,10,0.025,5.60E+03,Geobacillus-spor
E1,0,0,13,100000,0.025,5.20E+07,Geobacillus-veg
E2,0,0,17,100000,0.025,6.80E+07,Geobacillus-veg
E3,0,0,11,100000,0.025,4.40E+07,Geobacillus-veg
E1,2,200,9,1000,0.025,3.60E+05,Geobacillus-veg
E2,2,200,7,1000,0.025,2.80E+05,Geobacillus-veg
E3,2,200,7,1000,0.025,2.80E+05,Geobacillus-veg
E1,5,500,7,100,0.025,2.80E+04,Geobacillus-veg
E2,5,500,11,100,0.025,4.40E+04,Geobacillus-veg
E3,5,500,13,100,0.025,5.20E+04,Geobacillus-veg
E1,8,802,43,10,0.025,1.72E+04,Geobacillus-veg
E2,8,802,28,10,0.025,1.12E+04,Geobacillus-veg
E3,8,802,43,10,0.025,1.72E+04,Geobacillus-veg
E1,12,1202,13,10,0.025,5.20E+03,Geobacillus-veg
E2,12,1202,7,10,0.025,2.80E+03,Geobacillus-veg
E3,12,1202,8,10,0.025,3.20E+03,Geobacillus-veg
E1,18,1804,21,1,0.025,8.40E+02,Geobacillus-veg
E2,18,1804,17,1,0.025,6.80E+02,Geobacillus-veg
E3,18,1804,33,1,0.025,1.32E+03,Geobacillus-veg
E1,0,0,27,1000000,0.1,2.70E+08,Thermus
E2,0,0,18,1000000,0.1,1.80E+08,Thermus
E3,0,0,35,1000000,0.1,3.50E+08,Thermus
E2,2,200,270,100,0.1,2.70E+05,Thermus
E3,2,200,176,100,0.1,1.76E+05,Thermus
E1,5,500,77,10,0.1,7.70E+03,Thermus
E3,5,500,40,10,0.1,4.00E+03,Thermus
E2,8,802,44,1,0.1,4.40E+02,Thermus
E3,8,802,6,1,0.1,6.00E+01,Thermus
E1,12,1202,24,1,0.1,2.40E+02,Thermus
E3,12,1202,35,1,0.1,3.50E+02,Thermus
E1,18,1804,7,1,0.1,7.00E+01,Thermus
E2,18,1804,7,1,0.1,7.00E+01,Thermus
E3,18,1804,5,1,0.1,5.00E+01,Thermus
E1,0,0,63,1000000,0.1,6.30E+08,Calidithermus
E2,0,0,39,1000000,0.1,3.90E+08,Calidithermus
E3,0,0,50,1000000,0.1,5.00E+08,Calidithermus
E1,2,200,42,100000,0.1,4.20E+07,Calidithermus
E2,2,200,43,100000,0.1,4.30E+07,Calidithermus
E3,2,200,78,100000,0.1,7.80E+07,Calidithermus
E1,5,500,36,10000,0.1,3.60E+06,Calidithermus
E2,5,500,43,10000,0.1,4.30E+06,Calidithermus
E3,5,500,49,10000,0.1,4.90E+06,Calidithermus
E1,8,802,524,100,0.1,5.24E+05,Calidithermus
E2,8,802,186,100,0.1,1.86E+05,Calidithermus
E3,8,802,284,100,0.1,2.84E+05,Calidithermus
E1,12,1202,448,10,0.1,4.48E+04,Calidithermus
E2,12,1202,800,10,0.1,8.00E+04,Calidithermus
E3,12,1202,600,10,0.1,6.00E+04,Calidithermus
E1,18,1804,280,1,0.1,2.80E+03,Calidithermus
E2,18,1804,328,1,0.1,3.28E+03,Calidithermus
E3,18,1804,1020,1,0.1,1.02E+04,Calidithermus
