LETTER	COUNT	COLOR	DESCRIPTION
J	196	#FCCCFC	Translation, ribosomal structure and biogenesis
A	0	#FCDCFC	RNA processing and modification
K	98	#FCDCEC	Transcription
L	106	#FCDCDC	Replication, recombination and repair
B	0	#FCDCCC	Chromatin structure and dynamics
D	38	#FCFCDC	Cell cycle control, cell division, chromosome partitioning
Y	0	#FCFCCC	Nuclear structure
V	69	#FCFCBC	Defense mechanisms
T	108	#FCFCAC	Signal transduction mechanisms
M	171	#ECFCAC	Cell wall/membrane/envelope biogenesis
N	36	#DCFCAC	Cell motility
Z	0	#CCFCAC	Cytoskeleton
W	0	#BCFCAC	Extracellular structures
U	20	#ACFCAC	Intracellular trafficking, secretion, and vesicular transport
O	89	#9CFCAC	Posttranslational modification, protein turnover, chaperones
X	67	#9CFC9C	Mobilome: prophages, transposons
C	183	#BCFCFC	Energy production and conversion
G	204	#CCFCFC	Carbohydrate transport and metabolism
E	449	#DCFCFC	Amino acid transport and metabolism
F	75	#DCECFC	Nucleotide transport and metabolism
H	162	#DCDCFC	Coenzyme transport and metabolism
I	147	#DCCCFC	Lipid transport and metabolism
P	109	#CCCCFC	Inorganic ion transport and metabolism
Q	41	#BCCCFC	Secondary metabolites biosynthesis, transport and catabolism
R	158	#E0E0E0	General function prediction only
S	78	#CCCCCC	Function unknown
